0.0,0.0,0,0
0.0,0.0,19,61.49371345029462
0.0,0.0,19,81.90002851556262
0.0,0.0,0,0
0.0,0.0,20,92.61458333333351
0.0,0.0,20,69.9855555555616
0.0,0.0,20,5.057777777779659
0.0,0.0,13,65.56089743589823
0.0,0.0,13,10.045674896155047
0.0,0.0,20,47.42708333333536
0.0,0.0,0,0
0.0,0.0,20,78.38986111111566
0.0,0.0,20,80.59722222222265
0.0,0.0,20,55.230007309942074
0.0,0.0,17,37.73627450980389
0.0,0.0,13,32.595299145302036
0.0,0.0,19,76.91250429996653
0.0,0.0,20,95.55208333333344
0.0,0.0,0,0
0.0,0.0,0,0
0.0,0.1,1,69.622222222223
0.0,0.1,19,88.4172514619896
0.0,0.1,20,26.93833333333552
0.0,0.1,20,71.5705116959072
0.0,0.1,8,63.65833333333671
0.0,0.1,16,48.623784722224634
0.0,0.1,20,98.59722222222224
0.0,0.1,14,48.39087301587635
0.0,0.1,20,84.0115643274874
0.0,0.1,20,44.45472222222362
0.0,0.1,0,0
0.0,0.1,13,12.818780926673204
0.0,0.1,11,20.19772727273321
0.0,0.1,10,70.97222222222288
0.0,0.1,18,58.610622311605226
0.0,0.1,3,15.671296296298152
0.0,0.1,20,61.445277777778664
0.0,0.1,8,65.4006944444501
0.0,0.1,19,33.60263157894883
0.0,0.1,1,5.402777777788996
0.0,0.2,1,3.4166666666674708
0.0,0.2,18,39.937037037055944
0.0,0.2,3,32.44351851852081
0.0,0.2,0,0
0.0,0.2,0,0
0.0,0.2,4,56.122916666673405
0.0,0.2,19,72.87119883041807
0.0,0.2,19,84.81710526315831
0.0,0.2,18,54.4970679012373
0.0,0.2,16,33.20069444444379
0.0,0.2,19,41.02426900585021
0.0,0.2,19,62.62821637427006
0.0,0.2,20,95.83680555555569
0.0,0.2,0,0
0.0,0.2,0,0
0.0,0.2,20,96.80902777777953
0.0,0.2,20,53.39027046783292
0.0,0.2,20,26.89513888889142
0.0,0.2,20,27.301432748540197
0.0,0.2,10,2.4411111111112556
0.0,0.3,16,3.9223958333313593
0.0,0.3,0,0
0.0,0.3,20,48.16894005848087
0.0,0.3,19,57.26505847953324
0.0,0.3,18,59.63055555555901
0.0,0.3,1,84.9305555555559
0.0,0.3,19,66.31710526315936
0.0,0.3,19,55.68391812865567
0.0,0.3,0,0
0.0,0.3,18,35.54344589687919
0.0,0.3,0,0
0.0,0.3,0,0
0.0,0.3,19,53.08845029239874
0.0,0.3,1,58.680555555556495
0.0,0.3,20,45.637266081876
0.0,0.3,1,1.0138888888961224
0.0,0.3,0,0
0.0,0.3,20,44.96500000000193
0.0,0.3,12,37.37824074074255
0.0,0.3,19,82.07456140350983
0.0,0.4,18,23.14629629629266
0.0,0.4,20,66.33541666666761
0.0,0.4,18,41.73225308642271
0.0,0.4,17,45.2320261437921
0.0,0.4,19,68.79444444444657
0.0,0.4,0,0
0.0,0.4,0,0
0.0,0.4,17,11.992483660132716
0.0,0.4,20,50.48555555555792
0.0,0.4,20,69.41847222222808
0.0,0.4,0,0
0.0,0.4,0,0
0.0,0.4,20,38.797624269007464
0.0,0.4,3,77.25000000000102
0.0,0.4,12,15.764583333328856
0.0,0.4,12,42.327958683471316
0.0,0.4,18,54.16103848947204
0.0,0.4,4,31.913888888891925
0.0,0.4,1,1.058333333335113
0.0,0.4,0,0
0.0,0.5,20,49.43208333333488
0.0,0.5,20,23.31101608187108
0.0,0.5,0,0
0.0,0.5,20,40.449210526317565
0.0,0.5,14,45.98531746032527
0.0,0.5,20,43.767083333334504
0.0,0.5,14,86.95436507936536
0.0,0.5,19,44.02573099415267
0.0,0.5,20,23.05944444444619
0.0,0.5,17,82.01552287581744
0.0,0.5,19,26.609795321640494
0.0,0.5,0,0
0.0,0.5,12,47.20509259259296
0.0,0.5,0,0
0.0,0.5,20,39.56101608187262
0.0,0.5,19,30.17704678362807
0.0,0.5,18,31.620987654323162
0.0,0.5,6,45.20000000000144
0.0,0.5,20,34.97777777777985
0.0,0.5,20,1.2134722222240988
0.0,0.6,19,75.4970760233924
0.0,0.6,5,79.8072222222245
0.0,0.6,20,30.431038011696643
0.0,0.6,18,16.678240740740623
0.0,0.6,3,48.2064814814889
0.0,0.6,3,47.10648148148268
0.0,0.6,1,97.84722222222227
0.0,0.6,20,23.927083333335066
0.0,0.6,13,14.61556455240839
0.0,0.6,18,39.677226631395826
0.0,0.6,15,65.37108465608578
0.0,0.6,1,16.18055555555746
0.0,0.6,1,3.333333333335206
0.0,0.6,18,15.718209876545009
0.0,0.6,20,33.90568713450539
0.0,0.6,20,62.55263888889065
0.0,0.6,20,34.24486111111281
0.0,0.6,0,0
0.0,0.6,3,35.87962962963106
0.0,0.6,0,0
0.0,0.7,19,66.39058307533566
0.0,0.7,20,29.11615497076304
0.0,0.7,20,32.093654970762465
0.0,0.7,12,32.63773148147891
0.0,0.7,20,26.354166666668334
0.0,0.7,1,27.06944444445532
0.0,0.7,0,0
0.0,0.7,13,16.58055555556194
0.0,0.7,2,64.6027777777852
0.0,0.7,18,37.81342592592726
0.0,0.7,14,52.60761183261396
0.0,0.7,13,19.333119658119752
0.0,0.7,19,60.21695906432945
0.0,0.7,2,36.25000000000145
0.0,0.7,2,77.15416666666758
0.0,0.7,19,13.288596491227437
0.0,0.7,17,60.14869281047322
0.0,0.7,6,59.691203703707735
0.0,0.7,4,18.084722222224002
0.0,0.7,2,32.430555555556964
0.0,0.8,0,0
0.0,0.8,1,87.8472222222225
0.0,0.8,18,65.8881593714947
0.0,0.8,2,52.72638888889004
0.0,0.8,5,51.551111111121045
0.0,0.8,0,0
0.0,0.8,20,37.98194444444461
0.0,0.8,2,58.06666666667407
0.0,0.8,1,39.45277777777905
0.0,0.8,2,62.158333333339556
0.0,0.8,20,29.489861111113527
0.0,0.8,4,54.61805555556411
0.0,0.8,10,17.086746031751314
0.0,0.8,7,37.713492063495856
0.0,0.8,0,0
0.0,0.8,20,57.29361111111323
0.0,0.8,20,32.712083333334995
0.0,0.8,17,38.85261437908685
0.0,0.8,20,7.512638888884976
0.0,0.8,19,14.056286549709508
0.0,0.9,3,54.84722222222316
0.0,0.9,0,0
0.0,0.9,5,55.0394444444471
0.0,0.9,7,57.069047619048604
0.0,0.9,0,0
0.0,0.9,20,34.56291666666708
0.0,0.9,17,13.654575163400946
0.0,0.9,4,51.17500000000237
0.0,0.9,5,45.45611111111186
0.0,0.9,0,0
0.0,0.9,16,30.295138888890556
0.0,0.9,4,65.0020833333376
0.0,0.9,3,14.18611111111395
0.0,0.9,3,61.54351851852464
0.0,0.9,2,54.45833333334215
0.0,0.9,2,93.99305555555569
0.0,0.9,14,52.57936507936677
0.0,0.9,1,3.8888888888907633
0.0,0.9,19,13.26111111111379
0.0,0.9,17,20.012254901962418
0.0,1.0,2,59.23611111111204
0.0,1.0,5,37.66944444444728
0.0,1.0,1,99.09722222222224
0.0,1.0,2,50.89583333334236
0.0,1.0,4,30.06111111111519
0.0,1.0,2,63.67083333334104
0.0,1.0,6,78.69861111111159
0.0,1.0,2,94.09027777777814
0.0,1.0,0,0
0.0,1.0,4,56.45694444444404
0.0,1.0,3,80.70555555555623
0.0,1.0,6,28.131481481483707
0.0,1.0,1,30.550000000001205
0.0,1.0,2,49.14861111111206
0.0,1.0,1,7.022222222224109
0.0,1.0,0,0
0.0,1.0,2,5.536111111112815
0.0,1.0,1,40.0388888888902
0.0,1.0,3,28.845370370371025
0.0,1.0,5,64.36277777777948
0.1,0.0,18,19.937654320989434
0.1,0.0,20,41.38069444444642
0.1,0.0,0,0
0.1,0.0,6,15.860648148149751
0.1,0.0,3,12.724074074076015
0.1,0.0,0,0
0.1,0.0,18,15.668672839508496
0.1,0.0,18,77.01003086420555
0.1,0.0,2,9.791666666668558
0.1,0.0,0,0
0.1,0.0,18,31.044462599860115
0.1,0.0,16,7.746701388890642
0.1,0.0,3,79.17129629629737
0.1,0.0,20,98.13570906432774
0.1,0.0,19,17.57262641898972
0.1,0.0,16,37.49722222222766
0.1,0.0,0,0
0.1,0.0,17,94.42549019608025
0.1,0.0,19,68.34444444444995
0.1,0.0,17,72.20182072830457
0.1,0.1,4,53.24652777777884
0.1,0.1,20,55.54847222222622
0.1,0.1,3,12.363888888890775
0.1,0.1,20,53.38736111111217
0.1,0.1,20,62.206250000000445
0.1,0.1,0,0
0.1,0.1,17,70.45049019609114
0.1,0.1,13,74.11132478632635
0.1,0.1,17,51.18807189542844
0.1,0.1,14,37.25229591836728
0.1,0.1,20,89.15413011695946
0.1,0.1,17,50.113948306597585
0.1,0.1,20,82.19158281733954
0.1,0.1,19,61.31140350877288
0.1,0.1,16,13.25781249999724
0.1,0.1,0,0
0.1,0.1,20,57.772222222222105
0.1,0.1,4,20.765277777784874
0.1,0.1,19,35.47134502923694
0.1,0.1,0,0
0.1,0.2,18,4.913888888885678
0.1,0.2,18,55.25693536674068
0.1,0.2,10,29.339444444444364
0.1,0.2,15,74.0334656084676
0.1,0.2,12,41.81795634920808
0.1,0.2,0,0
0.1,0.2,9,51.75246913580409
0.1,0.2,14,40.43191391941526
0.1,0.2,3,35.0759259259277
0.1,0.2,20,48.387777777778986
0.1,0.2,10,67.265065359492
0.1,0.2,0,0
0.1,0.2,5,52.35555555556525
0.1,0.2,20,75.84727339181393
0.1,0.2,5,64.00555555555754
0.1,0.2,0,0
0.1,0.2,18,67.64583333333455
0.1,0.2,15,29.530000000000808
0.1,0.2,18,7.816358024693242
0.1,0.2,17,34.228594771243806
0.1,0.3,17,86.691666666668
0.1,0.3,18,68.67669753086491
0.1,0.3,0,0
0.1,0.3,5,29.46333333333441
0.1,0.3,20,44.53305555556027
0.1,0.3,0,0
0.1,0.3,0,0
0.1,0.3,3,1.218518518521053
0.1,0.3,18,25.010339506171256
0.1,0.3,4,34.98750000000201
0.1,0.3,19,22.69517543860288
0.1,0.3,20,78.14813034188182
0.1,0.3,20,57.79166666666761
0.1,0.3,18,20.492283950618923
0.1,0.3,18,49.84197530863975
0.1,0.3,2,20.00000000000169
0.1,0.3,16,90.44626225490234
0.1,0.3,1,40.108333333334784
0.1,0.3,19,71.9365497076036
0.1,0.3,12,6.192446393771256
0.1,0.4,20,70.99546783625806
0.1,0.4,6,54.276851851862745
0.1,0.4,16,86.33013684640689
0.1,0.4,1,76.05000000000072
0.1,0.4,20,66.64549603174909
0.1,0.4,18,9.558024691353634
0.1,0.4,11,80.49267676767728
0.1,0.4,17,23.484477124184878
0.1,0.4,17,5.666993464063548
0.1,0.4,18,64.60910493827305
0.1,0.4,20,48.08027777777893
0.1,0.4,16,82.85902777777899
0.1,0.4,18,53.38711873638508
0.1,0.4,17,26.868300653593042
0.1,0.4,19,72.55628654970927
0.1,0.4,18,61.98163580247007
0.1,0.4,17,67.12605042016934
0.1,0.4,20,37.74857843137032
0.1,0.4,12,38.23148148148304
0.1,0.4,15,62.72740740741518
0.1,0.5,20,6.534722222224106
0.1,0.5,20,76.5202777777819
0.1,0.5,16,17.938715277775973
0.1,0.5,17,53.37479815455737
0.1,0.5,20,37.1052777777794
0.1,0.5,1,90.34444444444608
0.1,0.5,1,6.280555555557836
0.1,0.5,0,0
0.1,0.5,19,36.481140350880395
0.1,0.5,0,0
0.1,0.5,16,32.86137663398894
0.1,0.5,18,42.98734567901475
0.1,0.5,2,62.291666666667524
0.1,0.5,18,73.05586419753209
0.1,0.5,20,38.07333333333473
0.1,0.5,4,58.84375000000047
0.1,0.5,17,50.97859477124294
0.1,0.5,17,68.2238479705634
0.1,0.5,14,65.89273504273643
0.1,0.5,20,6.263888888890768
0.1,0.6,17,29.77581699346579
0.1,0.6,0,0
0.1,0.6,5,54.14222222222328
0.1,0.6,18,43.39722222223044
0.1,0.6,18,12.230401234576284
0.1,0.6,0,0
0.1,0.6,20,38.77070261438985
0.1,0.6,0,0
0.1,0.6,14,40.48664529914737
0.1,0.6,2,38.26388888889029
0.1,0.6,13,35.65918803419628
0.1,0.6,2,5.669444444447118
0.1,0.6,18,31.995524691359677
0.1,0.6,13,38.739316239317624
0.1,0.6,20,20.48958333333514
0.1,0.6,12,90.64814814814837
0.1,0.6,18,17.0294753086438
0.1,0.6,18,32.70903231663247
0.1,0.6,4,90.8972222222236
0.1,0.6,17,34.18562091503427
0.1,0.7,0,0
0.1,0.7,9,43.421913580251754
0.1,0.7,0,0
0.1,0.7,1,99.79166666666667
0.1,0.7,17,30.388725490198212
0.1,0.7,16,41.32725694445098
0.1,0.7,3,56.171296296299566
0.1,0.7,5,48.29944444444561
0.1,0.7,1,80.62500000000044
0.1,0.7,18,75.73649237472907
0.1,0.7,15,32.575925925926995
0.1,0.7,9,61.471604938274545
0.1,0.7,13,45.242307692308934
0.1,0.7,7,50.22579365079451
0.1,0.7,1,61.52777777777865
0.1,0.7,2,12.490277777784371
0.1,0.7,11,10.721969696975712
0.1,0.7,20,30.72083333333486
0.1,0.7,3,28.948148148149684
0.1,0.7,20,43.200106209147805
0.1,0.8,1,97.50000000000006
0.1,0.8,4,48.39097222222586
0.1,0.8,0,0
0.1,0.8,18,30.595370370372393
0.1,0.8,3,16.00740740740677
0.1,0.8,5,36.9544444444481
0.1,0.8,8,46.91701388889052
0.1,0.8,10,40.1240079365151
0.1,0.8,1,36.775000000001526
0.1,0.8,18,41.24552469135908
0.1,0.8,0,0
0.1,0.8,4,35.57222222222406
0.1,0.8,18,58.004938271617775
0.1,0.8,2,48.765277777781094
0.1,0.8,20,27.325555555553287
0.1,0.8,0,0
0.1,0.8,4,59.01666666666782
0.1,0.8,13,67.27970085470203
0.1,0.8,7,67.91349206349314
0.1,0.8,3,32.263888888890314
0.1,0.9,0,0
0.1,0.9,0,0
0.1,0.9,2,51.288888888890085
0.1,0.9,0,0
0.1,0.9,0,0
0.1,0.9,2,9.013888888896961
0.1,0.9,2,45.32777777777945
0.1,0.9,2,28.106944444449745
0.1,0.9,5,45.766111111118555
0.1,0.9,3,34.397222222222275
0.1,0.9,0,0
0.1,0.9,17,34.2214917339506
0.1,0.9,0,0
0.1,0.9,0,0
0.1,0.9,0,0
0.1,0.9,4,62.86875000000502
0.1,0.9,3,9.140740740745075
0.1,0.9,3,53.91296296296525
0.1,0.9,6,57.715740740740934
0.1,0.9,8,35.00868055555703
0.1,1.0,5,55.15222222222574
0.1,1.0,2,95.31250000000011
0.1,1.0,5,79.92611111111162
0.1,1.0,3,12.454629629631343
0.1,1.0,1,19.02777777777962
0.1,1.0,5,49.84888888888994
0.1,1.0,0,0
0.1,1.0,6,56.469907407408385
0.1,1.0,0,0
0.1,1.0,1,11.427777777779763
0.1,1.0,3,65.86944444444525
0.1,1.0,3,61.293518518524365
0.1,1.0,5,76.33166666666806
0.1,1.0,2,53.49166666666759
0.1,1.0,5,57.63722222222568
0.1,1.0,3,31.172222222225788
0.1,1.0,2,58.3180555555605
0.1,1.0,2,44.11666666666791
0.1,1.0,2,31.933333333339426
0.1,1.0,1,36.027777777779676
0.2,0.0,14,74.84722222222479
0.2,0.0,12,32.39652777778013
0.2,0.0,0,0
0.2,0.0,14,8.993849206354518
0.2,0.0,12,51.821064814815905
0.2,0.0,20,40.05750000000134
0.2,0.0,18,81.64814814814983
0.2,0.0,20,32.04513888889043
0.2,0.0,18,69.72113289760435
0.2,0.0,17,55.7318627451036
0.2,0.0,7,5.344841269842112
0.2,0.0,15,57.6937301587329
0.2,0.0,0,0
0.2,0.0,0,0
0.2,0.0,20,25.027777777779455
0.2,0.0,13,66.89658119658708
0.2,0.0,16,33.750520833334825
0.2,0.0,16,46.32343750000121
0.2,0.0,0,0
0.2,0.0,16,31.67968750000156
0.2,0.1,0,0
0.2,0.1,19,59.898391812877314
0.2,0.1,19,44.3210526315802
0.2,0.1,9,97.67746913580251
0.2,0.1,1,8.819444444446333
0.2,0.1,15,37.23481481481703
0.2,0.1,15,67.02074074074383
0.2,0.1,16,76.94444444444497
0.2,0.1,12,26.487268518520196
0.2,0.1,16,81.54826388889505
0.2,0.1,16,70.94618055555621
0.2,0.1,20,40.45833333333468
0.2,0.1,14,58.795039682554275
0.2,0.1,19,67.80563427800686
0.2,0.1,1,50.13888888889002
0.2,0.1,0,0
0.2,0.1,20,55.87733918128646
0.2,0.1,13,35.01901709401891
0.2,0.1,11,6.986616161618475
0.2,0.1,16,19.234548611112885
0.2,0.2,0,0
0.2,0.2,5,43.500000000001286
0.2,0.2,18,77.18630383777507
0.2,0.2,16,62.593576388890476
0.2,0.2,0,0
0.2,0.2,16,64.48402777777862
0.2,0.2,0,0
0.2,0.2,18,78.98858024691644
0.2,0.2,1,19.583333333335162
0.2,0.2,11,13.428282828284603
0.2,0.2,0,0
0.2,0.2,20,65.66915849673296
0.2,0.2,15,64.39814814814895
0.2,0.2,11,39.42095959596255
0.2,0.2,20,39.79460470085625
0.2,0.2,16,97.01822916666671
0.2,0.2,18,37.604057734207814
0.2,0.2,3,60.9518518518528
0.2,0.2,13,13.883119658129662
0.2,0.2,14,37.02814625850634
0.2,0.3,20,49.89833333334592
0.2,0.3,0,0
0.2,0.3,16,57.517534722223154
0.2,0.3,0,0
0.2,0.3,16,85.42534722222258
0.2,0.3,10,22.494722222224006
0.2,0.3,19,44.37002923976935
0.2,0.3,20,50.789130116960386
0.2,0.3,20,62.056805555558206
0.2,0.3,14,95.21503357753542
0.2,0.3,0,0
0.2,0.3,16,21.41788194444625
0.2,0.3,16,48.38541666666784
0.2,0.3,16,72.21562500000175
0.2,0.3,15,35.93962962963119
0.2,0.3,12,45.62615740740879
0.2,0.3,12,45.45925925926073
0.2,0.3,0,0
0.2,0.3,9,30.216975308643555
0.2,0.3,0,0
0.2,0.4,20,71.02305555555651
0.2,0.4,0,0
0.2,0.4,0,0
0.2,0.4,19,51.71271929824763
0.2,0.4,0,0
0.2,0.4,14,74.0047619047638
0.2,0.4,16,14.060937499997292
0.2,0.4,12,71.05115740740855
0.2,0.4,16,69.38368055555627
0.2,0.4,0,0
0.2,0.4,16,73.62777777779003
0.2,0.4,20,76.96875000000054
0.2,0.4,3,25.439814814816447
0.2,0.4,16,71.02864583333398
0.2,0.4,3,56.774074074074804
0.2,0.4,20,37.5127777777792
0.2,0.4,0,0
0.2,0.4,20,88.2152777777785
0.2,0.4,7,48.2587301587313
0.2,0.4,16,60.78576388888984
0.2,0.5,5,42.305555555556865
0.2,0.5,12,35.96776094276303
0.2,0.5,18,69.23205467372269
0.2,0.5,3,6.736111111112994
0.2,0.5,20,29.059685672516366
0.2,0.5,1,28.997222222223783
0.2,0.5,16,80.22500000000251
0.2,0.5,19,30.857309941522686
0.2,0.5,20,60.134027777778826
0.2,0.5,1,80.0694444444449
0.2,0.5,1,44.861111111112365
0.2,0.5,2,79.30694444444822
0.2,0.5,2,27.304166666668372
0.2,0.5,18,74.33132716049442
0.2,0.5,20,14.56597222222413
0.2,0.5,12,51.1375000000013
0.2,0.5,15,15.225925925927816
0.2,0.5,20,55.39305555555718
0.2,0.5,5,86.30555555555586
0.2,0.5,2,39.43333333333484
0.2,0.6,19,15.730116959062729
0.2,0.6,2,22.481944444445308
0.2,0.6,1,66.9444444444452
0.2,0.6,20,7.178333333335243
0.2,0.6,4,24.291666666666273
0.2,0.6,1,4.533333333328272
0.2,0.6,14,43.90152625152853
0.2,0.6,19,40.5748329156241
0.2,0.6,10,33.32805555555688
0.2,0.6,15,66.64055555556256
0.2,0.6,1,11.613888888906658
0.2,0.6,4,36.277083333333906
0.2,0.6,18,38.16164421997929
0.2,0.6,1,8.650000000001873
0.2,0.6,12,48.351014957265214
0.2,0.6,12,71.00153133903554
0.2,0.6,0,0
0.2,0.6,2,7.916666666668553
0.2,0.6,20,55.349722222223896
0.2,0.6,16,51.720833333333886
0.2,0.7,3,19.035185185186133
0.2,0.7,13,7.959615384619658
0.2,0.7,16,68.17899305555783
0.2,0.7,16,70.72048611111178
0.2,0.7,2,25.798611111112717
0.2,0.7,4,42.411111111114046
0.2,0.7,15,21.565185185188756
0.2,0.7,1,90.00000000000023
0.2,0.7,0,0
0.2,0.7,0,0
0.2,0.7,16,11.372048611113003
0.2,0.7,3,57.42037037037136
0.2,0.7,5,49.02777777777891
0.2,0.7,7,73.20555555555619
0.2,0.7,8,41.12500000000324
0.2,0.7,20,71.21527777777845
0.2,0.7,16,37.95052083333528
0.2,0.7,0,0
0.2,0.7,0,0
0.2,0.7,1,36.875000000001435
0.2,0.8,19,53.20730994152168
0.2,0.8,20,65.48051900584885
0.2,0.8,1,94.96944444444465
0.2,0.8,16,64.0885416666675
0.2,0.8,20,28.309444444444193
0.2,0.8,3,35.93425925926065
0.2,0.8,16,26.032291666667966
0.2,0.8,1,46.42777777777894
0.2,0.8,16,12.44913194444642
0.2,0.8,16,23.483680555556163
0.2,0.8,4,13.221527777783784
0.2,0.8,3,15.697222222224037
0.2,0.8,13,36.67457264957339
0.2,0.8,0,0
0.2,0.8,7,61.52273242630914
0.2,0.8,0,0
0.2,0.8,6,9.857407407410276
0.2,0.8,4,8.456944444450851
0.2,0.8,1,20.902777777779576
0.2,0.8,10,61.52833333333511
0.2,0.9,2,72.81666666666737
0.2,0.9,1,18.81944444444629
0.2,0.9,5,50.19675213676105
0.2,0.9,1,99.0277777777778
0.2,0.9,4,53.78194444444539
0.2,0.9,2,69.30555555555625
0.2,0.9,1,22.569444444446205
0.2,0.9,20,28.54990497076231
0.2,0.9,1,89.83055555555588
0.2,0.9,16,52.76336805555708
0.2,0.9,1,49.722222222223365
0.2,0.9,13,41.660650887575464
0.2,0.9,1,99.0277777777778
0.2,0.9,1,13.366666666669278
0.2,0.9,7,45.55714285714593
0.2,0.9,1,99.72222222222223
0.2,0.9,14,37.7253968253984
0.2,0.9,4,51.21736111111226
0.2,0.9,0,0
0.2,0.9,10,78.70138888888938
0.2,1.0,4,36.4180555555557
0.2,1.0,0,0
0.2,1.0,7,76.89047619047672
0.2,1.0,2,30.31250000000147
0.2,1.0,2,73.6305555555562
0.2,1.0,2,8.769444444446343
0.2,1.0,2,64.11527777777934
0.2,1.0,0,0
0.2,1.0,0,0
0.2,1.0,5,33.20166666666616
0.2,1.0,5,41.35777777778073
0.2,1.0,0,0
0.2,1.0,3,77.31388888889136
0.2,1.0,1,37.083333333345195
0.2,1.0,3,39.32870370370468
0.2,1.0,4,48.59375000000114
0.2,1.0,2,36.94444444444588
0.2,1.0,2,52.002777777776785
0.2,1.0,2,16.56250000000188
0.2,1.0,5,44.7788888888903
0.3,0.0,8,30.70347222222501
0.3,0.0,16,61.935763888889724
0.3,0.0,8,63.47222222222307
0.3,0.0,12,66.57291666666985
0.3,0.0,14,13.830158730172931
0.3,0.0,12,94.03512205387369
0.3,0.0,18,70.43750000000134
0.3,0.0,14,36.471825396826034
0.3,0.0,18,72.20195005611839
0.3,0.0,14,17.485119047620895
0.3,0.0,0,0
0.3,0.0,14,12.173015873017038
0.3,0.0,0,0
0.3,0.0,19,52.32456140350984
0.3,0.0,14,92.31150793650811
0.3,0.0,0,0
0.3,0.0,0,0
0.3,0.0,14,98.61111111111111
0.3,0.0,6,21.119907407417056
0.3,0.0,20,66.6616666666708
0.3,0.1,0,0
0.3,0.1,13,59.53525641025734
0.3,0.1,0,0
0.3,0.1,14,60.905463980474565
0.3,0.1,14,70.96721611721752
0.3,0.1,14,45.08234126984568
0.3,0.1,2,17.04722222222613
0.3,0.1,14,23.713690476193253
0.3,0.1,6,13.888888888890792
0.3,0.1,15,41.62592592593054
0.3,0.1,10,58.353131313137325
0.3,0.1,17,65.52107843137328
0.3,0.1,12,63.77893518518601
0.3,0.1,13,63.02094017094357
0.3,0.1,18,72.43950617284034
0.3,0.1,20,16.61111111111298
0.3,0.1,14,78.5087301587307
0.3,0.1,0,0
0.3,0.1,0,0
0.3,0.1,20,43.051388888890344
0.3,0.2,13,56.9688034188044
0.3,0.2,15,7.017222222231472
0.3,0.2,20,53.217361111114045
0.3,0.2,14,81.65099206349338
0.3,0.2,0,0
0.3,0.2,20,54.377222222223544
0.3,0.2,18,68.98148148148219
0.3,0.2,14,86.6765873015876
0.3,0.2,11,77.87878787878839
0.3,0.2,20,37.624583333341704
0.3,0.2,14,32.54960317460471
0.3,0.2,12,25.78518518519468
0.3,0.2,10,26.368055555557227
0.3,0.2,1,4.097222222224097
0.3,0.2,14,58.22324481074583
0.3,0.2,20,6.877500000001852
0.3,0.2,12,14.440046296298087
0.3,0.2,19,86.75073099415238
0.3,0.2,20,51.57515350877323
0.3,0.2,14,71.44940476190665
0.3,0.3,14,18.380753968255117
0.3,0.3,14,42.5896825396837
0.3,0.3,13,92.16402486402477
0.3,0.3,20,74.17208333333492
0.3,0.3,13,27.291666666668327
0.3,0.3,19,73.76418128655173
0.3,0.3,20,16.14472222222387
0.3,0.3,14,44.02536630036834
0.3,0.3,14,75.73551587301623
0.3,0.3,14,39.36587301587448
0.3,0.3,0,0
0.3,0.3,13,64.72222222222305
0.3,0.3,14,70.32043650793948
0.3,0.3,18,58.68364197530973
0.3,0.3,17,69.51157616893391
0.3,0.3,14,75.57242063492197
0.3,0.3,13,64.14529914530371
0.3,0.3,0,0
0.3,0.3,20,17.61111111111299
0.3,0.3,3,44.05370370370502
0.3,0.4,12,46.017129629631995
0.3,0.4,8,54.054955808090696
0.3,0.4,9,13.786111111112927
0.3,0.4,0,0
0.3,0.4,13,94.68482905982918
0.3,0.4,19,87.46297729618249
0.3,0.4,0,0
0.3,0.4,0,0
0.3,0.4,20,23.23652777777989
0.3,0.4,11,24.030303030304584
0.3,0.4,0,0
0.3,0.4,13,52.227564102569104
0.3,0.4,8,19.803819444447697
0.3,0.4,1,3.1250000000018723
0.3,0.4,0,0
0.3,0.4,13,90.59490466798152
0.3,0.4,19,23.023391812867253
0.3,0.4,1,53.133333333334576
0.3,0.4,20,84.1958333333339
0.3,0.4,19,48.46491228070289
0.3,0.5,1,29.030555555551345
0.3,0.5,1,62.83333333333462
0.3,0.5,20,39.61069444444352
0.3,0.5,10,50.32270202020413
0.3,0.5,18,36.414351851853354
0.3,0.5,1,29.166666666668277
0.3,0.5,13,86.68098290598351
0.3,0.5,10,44.11916666666657
0.3,0.5,0,0
0.3,0.5,13,21.804059829061664
0.3,0.5,13,37.91794871795322
0.3,0.5,1,35.07777777777943
0.3,0.5,0,0
0.3,0.5,14,14.75116959064313
0.3,0.5,12,28.31342592592756
0.3,0.5,0,0
0.3,0.5,2,44.26250000000794
0.3,0.5,0,0
0.3,0.5,16,40.381944444445786
0.3,0.5,14,59.719047619050336
0.3,0.6,1,17.222222222224104
0.3,0.6,14,37.675000000001475
0.3,0.6,2,13.706944444451125
0.3,0.6,0,0
0.3,0.6,14,70.3466269841326
0.3,0.6,14,47.72738095238445
0.3,0.6,0,0
0.3,0.6,14,61.56382783882942
0.3,0.6,0,0
0.3,0.6,14,62.96071428571569
0.3,0.6,14,78.74503968254017
0.3,0.6,2,24.50000000000255
0.3,0.6,12,49.5875534188055
0.3,0.6,20,9.289583333335182
0.3,0.6,0,0
0.3,0.6,19,25.648099415207952
0.3,0.6,14,48.016468253968426
0.3,0.6,2,54.60833333333077
0.3,0.6,20,46.35583333333458
0.3,0.6,1,15.988888888890868
0.3,0.7,0,0
0.3,0.7,5,24.229444444443892
0.3,0.7,20,58.151025641027296
0.3,0.7,1,30.733333333330307
0.3,0.7,16,23.440451388890747
0.3,0.7,14,82.46646825396867
0.3,0.7,1,19.372222222219904
0.3,0.7,3,60.128703703704595
0.3,0.7,2,38.243055555562286
0.3,0.7,0,0
0.3,0.7,14,17.90952380952545
0.3,0.7,18,9.610339506174727
0.3,0.7,4,67.07777777777866
0.3,0.7,2,67.45694444444402
0.3,0.7,11,67.08156565656651
0.3,0.7,14,86.8438492063513
0.3,0.7,13,19.449358974360923
0.3,0.7,15,17.572777777779546
0.3,0.7,9,61.69475308642028
0.3,0.7,2,62.056944444445485
0.3,0.8,2,41.90138888888875
0.3,0.8,5,30.681111111118838
0.3,0.8,1,29.36111111111316
0.3,0.8,2,24.027777777779505
0.3,0.8,11,75.82702020202076
0.3,0.8,2,48.78194444445021
0.3,0.8,20,25.564166666668424
0.3,0.8,18,33.625000000002565
0.3,0.8,14,43.6068833943862
0.3,0.8,14,68.23313492063569
0.3,0.8,3,67.4824074074118
0.3,0.8,0,0
0.3,0.8,3,60.81851851852107
0.3,0.8,1,99.65277777777779
0.3,0.8,8,5.649305555557445
0.3,0.8,14,40.09365079365254
0.3,0.8,11,62.63657024793495
0.3,0.8,3,19.630555555557326
0.3,0.8,12,45.40370370370653
0.3,0.8,6,44.95138888889013
0.3,0.9,1,99.30555555555557
0.3,0.9,14,34.64270451770598
0.3,0.9,2,9.151388888890752
0.3,0.9,2,47.809722222220785
0.3,0.9,1,81.59722222222264
0.3,0.9,20,8.420416666668594
0.3,0.9,13,24.563675213674916
0.3,0.9,2,75.79861111111165
0.3,0.9,1,98.95833333333336
0.3,0.9,1,35.69444444444591
0.3,0.9,10,34.465277777779264
0.3,0.9,13,11.020299145300998
0.3,0.9,14,43.77706043956228
0.3,0.9,1,33.297222222223766
0.3,0.9,0,0
0.3,0.9,2,13.373611111123115
0.3,0.9,2,93.26388888888904
0.3,0.9,1,96.92222222222256
0.3,0.9,2,50.97222222222334
0.3,0.9,2,68.63472222222858
0.3,1.0,2,13.277777777787879
0.3,1.0,3,42.25833333333464
0.3,1.0,2,73.72361111112187
0.3,1.0,1,99.44444444444446
0.3,1.0,4,68.35277777777854
0.3,1.0,2,75.17361111111168
0.3,1.0,1,29.44444444444605
0.3,1.0,1,93.95833333333347
0.3,1.0,1,12.122222222224105
0.3,1.0,4,60.36458333333424
0.3,1.0,4,23.80347222222293
0.3,1.0,3,85.62500000000033
0.3,1.0,3,58.699074074075895
0.3,1.0,6,64.04212962963048
0.3,1.0,1,93.12500000000016
0.3,1.0,8,53.209027777779575
0.3,1.0,0,0
0.3,1.0,1,5.075000000000916
0.3,1.0,1,97.50000000000006
0.3,1.0,3,64.08796296296384
0.4,0.0,20,59.064011437909485
0.4,0.0,0,0
0.4,0.0,12,82.92824074074115
0.4,0.0,0,0
0.4,0.0,12,48.113425925927096
0.4,0.0,0,0
0.4,0.0,12,43.780787037038095
0.4,0.0,18,51.897530864209585
0.4,0.0,20,35.92500000000387
0.4,0.0,19,34.80263157894885
0.4,0.0,7,64.35912698413898
0.4,0.0,11,28.67626262626369
0.4,0.0,3,87.242592592598
0.4,0.0,12,69.1076388888883
0.4,0.0,9,34.98487654321145
0.4,0.0,11,92.6325757575759
0.4,0.0,11,88.10252525252812
0.4,0.0,20,84.07708333333478
0.4,0.0,20,67.75347222222294
0.4,0.0,15,31.506296296297865
0.4,0.1,20,46.0249269005861
0.4,0.1,9,56.08117283950786
0.4,0.1,12,44.80128367003555
0.4,0.1,16,93.0362847222224
0.4,0.1,20,12.405416666668375
0.4,0.1,20,29.548611111112713
0.4,0.1,11,58.89166666667123
0.4,0.1,20,57.98611111111196
0.4,0.1,20,49.48166666667555
0.4,0.1,20,32.59381578947546
0.4,0.1,12,52.875841750842916
0.4,0.1,10,25.99818713450727
0.4,0.1,0,0
0.4,0.1,6,71.40185185185253
0.4,0.1,20,51.67303362573318
0.4,0.1,12,66.73032407407483
0.4,0.1,20,34.28166666667269
0.4,0.1,20,38.89416666666938
0.4,0.1,0,0
0.4,0.1,20,65.24543859649228
0.4,0.2,7,24.90198412698582
0.4,0.2,12,62.53726851852381
0.4,0.2,10,79.48333333333528
0.4,0.2,11,61.149747474752026
0.4,0.2,10,48.501111111112365
0.4,0.2,11,10.296717171719067
0.4,0.2,1,85.69444444444477
0.4,0.2,20,35.257638888892686
0.4,0.2,9,13.079938271607345
0.4,0.2,9,34.764506172840946
0.4,0.2,20,59.13305555555668
0.4,0.2,0,0
0.4,0.2,11,58.01186868688437
0.4,0.2,20,42.39888888889
0.4,0.2,20,67.31520467836354
0.4,0.2,0,0
0.4,0.2,0,0
0.4,0.2,20,72.65402777778188
0.4,0.2,0,0
0.4,0.2,12,34.231712962964494
0.4,0.3,0,0
0.4,0.3,12,79.63055555555664
0.4,0.3,18,35.73858024691591
0.4,0.3,0,0
0.4,0.3,9,5.173765432093862
0.4,0.3,12,40.14004629629779
0.4,0.3,13,2.3510683760703173
0.4,0.3,11,35.11464646464748
0.4,0.3,11,39.13813131313277
0.4,0.3,20,24.851527777779328
0.4,0.3,20,54.64291666666975
0.4,0.3,20,78.9679166666742
0.4,0.3,12,24.97939814814662
0.4,0.3,1,84.51388888888924
0.4,0.3,12,53.47800925926034
0.4,0.3,9,65.9259259259267
0.4,0.3,20,93.07755847953305
0.4,0.3,1,56.94444444444542
0.4,0.3,20,67.32777777777974
0.4,0.3,12,46.892361111112315
0.4,0.4,20,13.061666666667495
0.4,0.4,11,29.388131313132853
0.4,0.4,8,25.207986111110507
0.4,0.4,2,14.895833333335197
0.4,0.4,19,25.527485380118684
0.4,0.4,0,0
0.4,0.4,12,87.30416666666815
0.4,0.4,7,8.055555555557442
0.4,0.4,0,0
0.4,0.4,19,71.77266081871407
0.4,0.4,2,27.438888888896777
0.4,0.4,12,80.76296296296391
0.4,0.4,12,91.62939814814835
0.4,0.4,1,93.33333333333348
0.4,0.4,1,51.11111111111222
0.4,0.4,20,31.861527777779365
0.4,0.4,1,92.08333333333351
0.4,0.4,4,65.79652777778713
0.4,0.4,20,11.839305555557397
0.4,0.4,20,27.37708333333569
0.4,0.5,0,0
0.4,0.5,8,22.013888888890662
0.4,0.5,10,53.745000000016184
0.4,0.5,10,69.4930555555633
0.4,0.5,13,31.54401709401919
0.4,0.5,12,83.92361111111147
0.4,0.5,0,0
0.4,0.5,0,0
0.4,0.5,11,85.6777777777783
0.4,0.5,12,68.1115740740807
0.4,0.5,11,71.19646464646814
0.4,0.5,1,29.516666666666453
0.4,0.5,20,46.61680555555803
0.4,0.5,20,20.17708333333515
0.4,0.5,2,53.78472222222327
0.4,0.5,20,65.06867690058584
0.4,0.5,6,67.11203703703974
0.4,0.5,12,56.25532407407602
0.4,0.5,14,32.97857142857299
0.4,0.5,12,37.93217592592796
0.4,0.6,8,50.838194444445506
0.4,0.6,0,0
0.4,0.6,20,49.173611111112265
0.4,0.6,9,9.064197530865778
0.4,0.6,0,0
0.4,0.6,12,50.06851851852047
0.4,0.6,6,41.81435185185408
0.4,0.6,20,52.87790032679878
0.4,0.6,19,53.329093567250084
0.4,0.6,1,25.88333333334436
0.4,0.6,3,63.626851851852685
0.4,0.6,1,44.17500000000116
0.4,0.6,20,60.383121345030396
0.4,0.6,11,48.36237373738052
0.4,0.6,9,19.74382716049577
0.4,0.6,10,27.471944444446752
0.4,0.6,2,10.016666666679697
0.4,0.6,12,42.79143518518583
0.4,0.6,0,0
0.4,0.6,11,56.53459595959896
0.4,0.7,4,50.684027777781765
0.4,0.7,9,11.989197530867406
0.4,0.7,18,57.781263616559194
0.4,0.7,12,85.99814814815481
0.4,0.7,3,66.15555555555653
0.4,0.7,8,93.11250000000267
0.4,0.7,9,46.35802469135925
0.4,0.7,12,85.55989057239172
0.4,0.7,12,29.559722222227425
0.4,0.7,0,0
0.4,0.7,2,17.430555555557433
0.4,0.7,12,71.26157407407473
0.4,0.7,1,98.23611111111204
0.4,0.7,12,37.98535353535102
0.4,0.7,12,18.705787037037197
0.4,0.7,2,42.33333333333235
0.4,0.7,1,79.02777777777825
0.4,0.7,2,63.19305555555816
0.4,0.7,12,22.089120370372143
0.4,0.7,20,43.16937134503077
0.4,0.8,11,56.51060606061576
0.4,0.8,0,0
0.4,0.8,12,50.48796296296475
0.4,0.8,8,28.70104166666786
0.4,0.8,4,61.3986111111175
0.4,0.8,2,3.159722222223161
0.4,0.8,1,59.81111111112426
0.4,0.8,12,43.15578703703785
0.4,0.8,11,45.625757575759025
0.4,0.8,2,79.45972222222707
0.4,0.8,12,48.43587962963128
0.4,0.8,9,57.59382716049807
0.4,0.8,9,9.81944444444775
0.4,0.8,1,64.48333333333423
0.4,0.8,3,50.76388888888997
0.4,0.8,12,44.1837962963017
0.4,0.8,4,88.29861111111137
0.4,0.8,12,86.98495370370402
0.4,0.8,12,56.24402356902499
0.4,0.8,12,58.10153619528725
0.4,0.9,9,71.170943562609
0.4,0.9,12,45.09837962963088
0.4,0.9,6,67.65046296296629
0.4,0.9,2,4.827777777774166
0.4,0.9,0,0
0.4,0.9,2,78.18750000000071
0.4,0.9,0,0
0.4,0.9,0,0
0.4,0.9,2,54.95000000000543
0.4,0.9,5,51.43055555555666
0.4,0.9,1,6.041666666668547
0.4,0.9,11,16.24520202020371
0.4,0.9,1,14.138888888904981
0.4,0.9,1,4.96944444444634
0.4,0.9,4,72.56388888888952
0.4,0.9,4,55.73888888888991
0.4,0.9,12,64.4730218855233
0.4,0.9,7,39.53055555555881
0.4,0.9,10,78.92277777777812
0.4,0.9,8,4.930555555557433
0.4,1.0,0,0
0.4,1.0,1,5.402777777780274
0.4,1.0,1,76.45833333333387
0.4,1.0,2,18.820833333341564
0.4,1.0,2,55.048611111118134
0.4,1.0,0,0
0.4,1.0,3,64.81944444444376
0.4,1.0,3,45.407407407408755
0.4,1.0,3,55.89629629629993
0.4,1.0,1,90.06944444444467
0.4,1.0,2,14.433333333335106
0.4,1.0,4,18.558333333329546
0.4,1.0,6,51.49583333334174
0.4,1.0,1,18.12500000000186
0.4,1.0,1,83.4722222222226
0.4,1.0,2,75.17361111111168
0.4,1.0,2,46.35972222222689
0.4,1.0,6,69.19305555555657
0.4,1.0,4,46.82569444444575
0.4,1.0,2,50.63472222222102
0.5,0.0,0,0
0.5,0.0,19,71.05628654970826
0.5,0.0,10,2.6694444444499306
0.5,0.0,3,46.46203703703831
0.5,0.0,8,63.81736111111624
0.5,0.0,10,62.46527777777864
0.5,0.0,13,47.91182983683261
0.5,0.0,10,50.89250000000635
0.5,0.0,15,32.61148148148045
0.5,0.0,10,66.54305555556992
0.5,0.0,20,29.247616959069227
0.5,0.0,19,54.035526315790534
0.5,0.0,10,95.72972222222313
0.5,0.0,0,0
0.5,0.0,15,3.2429629629648753
0.5,0.0,6,64.65324074074401
0.5,0.0,4,3.194444444446317
0.5,0.0,14,23.0160714285723
0.5,0.0,19,50.740789473685986
0.5,0.0,19,60.93201754386076
0.5,0.1,20,72.35347222222364
0.5,0.1,10,3.402777777779651
0.5,0.1,10,22.929166666668117
0.5,0.1,0,0
0.5,0.1,3,66.15555555555653
0.5,0.1,0,0
0.5,0.1,10,22.574444444446975
0.5,0.1,10,15.439722222217778
0.5,0.1,15,49.855740740745425
0.5,0.1,3,75.21296296296633
0.5,0.1,19,53.03464912280815
0.5,0.1,20,27.46013888889115
0.5,0.1,12,50.93171296296408
0.5,0.1,10,75.3400000000021
0.5,0.1,19,60.92105263157983
0.5,0.1,9,58.96882716049484
0.5,0.1,0,0
0.5,0.1,20,36.944444444445885
0.5,0.1,20,53.79166666666761
0.5,0.1,10,35.28583333333397
0.5,0.2,20,55.49511695906566
0.5,0.2,20,10.021944444448511
0.5,0.2,10,53.63888888888996
0.5,0.2,20,49.69250000000356
0.5,0.2,9,93.5956790123458
0.5,0.2,10,43.5672222222204
0.5,0.2,10,3.3841666666730363
0.5,0.2,1,10.316666666675808
0.5,0.2,10,44.93000000000132
0.5,0.2,7,10.46230158731153
0.5,0.2,10,31.630555555556963
0.5,0.2,10,60.27666666666805
0.5,0.2,5,76.729444444449
0.5,0.2,18,66.2229938271619
0.5,0.2,11,50.293181818183434
0.5,0.2,20,61.78291666666901
0.5,0.2,3,44.49074074074773
0.5,0.2,13,16.58846153846377
0.5,0.2,9,51.384567901235904
0.5,0.2,0,0
0.5,0.3,0,0
0.5,0.3,19,16.87836257310133
0.5,0.3,1,1.4972222222240763
0.5,0.3,14,42.47777777778016
0.5,0.3,0,0
0.5,0.3,19,25.78450292397835
0.5,0.3,10,50.59805555556124
0.5,0.3,15,54.67851851852013
0.5,0.3,0,0
0.5,0.3,4,9.166666666668556
0.5,0.3,20,86.98958333333361
0.5,0.3,10,25.251666666673913
0.5,0.3,1,23.777777777774773
0.5,0.3,19,41.47339181286727
0.5,0.3,20,29.836805555557145
0.5,0.3,19,15.696783625735753
0.5,0.3,7,84.65674603174796
0.5,0.3,10,98.54166666666671
0.5,0.3,15,11.549814814820417
0.5,0.3,10,64.00500000000211
0.5,0.4,10,16.944444444446333
0.5,0.4,18,41.73456790123613
0.5,0.4,18,43.03976608187247
0.5,0.4,19,50.161549707608756
0.5,0.4,11,54.60227272727466
0.5,0.4,1,20.97222222222402
0.5,0.4,19,34.98011695906626
0.5,0.4,4,35.0430555555605
0.5,0.4,1,52.32500000001288
0.5,0.4,10,93.4444444444446
0.5,0.4,3,39.73518518518678
0.5,0.4,20,34.55916666666748
0.5,0.4,10,52.36166666666545
0.5,0.4,10,87.49305555555584
0.5,0.4,10,23.150555555550454
0.5,0.4,10,53.58888888888855
0.5,0.4,17,29.555228758171516
0.5,0.4,0,0
0.5,0.4,20,19.663888888890394
0.5,0.4,0,0
0.5,0.5,1,11.45833333333523
0.5,0.5,7,31.288095238097505
0.5,0.5,18,27.002777777779414
0.5,0.5,10,50.13777777778468
0.5,0.5,10,32.843611111114384
0.5,0.5,20,55.46625000000175
0.5,0.5,0,0
0.5,0.5,20,40.22386695906601
0.5,0.5,9,91.7361111111113
0.5,0.5,14,46.53531746031852
0.5,0.5,10,76.94305555555613
0.5,0.5,20,7.188333333335199
0.5,0.5,10,12.80833333333453
0.5,0.5,10,42.00805555556502
0.5,0.5,0,0
0.5,0.5,0,0
0.5,0.5,0,0
0.5,0.5,11,87.63257575757602
0.5,0.5,10,65.65500000000112
0.5,0.5,14,29.45218253968415
0.5,0.6,8,3.305902777779895
0.5,0.6,2,49.48333333333427
0.5,0.6,10,60.49444444444646
0.5,0.6,10,62.554999999996674
0.5,0.6,10,54.27611111111164
0.5,0.6,0,0
0.5,0.6,7,47.61626984127226
0.5,0.6,1,61.111111111111995
0.5,0.6,0,0
0.5,0.6,4,20.65208333333515
0.5,0.6,1,98.81944444444447
0.5,0.6,1,91.7361111111113
0.5,0.6,20,50.88208333333468
0.5,0.6,10,70.9544444444463
0.5,0.6,12,29.47337962963124
0.5,0.6,8,20.211458333334612
0.5,0.6,1,33.6472222222327
0.5,0.6,20,45.54513888888997
0.5,0.6,8,86.45451388888921
0.5,0.6,20,60.18143939394325
0.5,0.7,12,47.25092592592808
0.5,0.7,7,23.856746031752362
0.5,0.7,1,24.35277777777516
0.5,0.7,1,94.09722222222236
0.5,0.7,1,98.95833333333336
0.5,0.7,2,78.28333333333387
0.5,0.7,20,59.536366959065546
0.5,0.7,7,43.00992063492101
0.5,0.7,0,0
0.5,0.7,2,25.73750000000181
0.5,0.7,8,72.44930555555963
0.5,0.7,10,85.31750000000466
0.5,0.7,5,93.04166666666683
0.5,0.7,16,48.977203525643716
0.5,0.7,20,20.912083333335005
0.5,0.7,0,0
0.5,0.7,2,21.909722222222236
0.5,0.7,0,0
0.5,0.7,0,0
0.5,0.7,10,44.88055555555989
0.5,0.8,3,42.06944444444935
0.5,0.8,20,16.45486111111302
0.5,0.8,2,44.28750000000143
0.5,0.8,9,51.55092592592665
0.5,0.8,20,17.102777777780485
0.5,0.8,0,0
0.5,0.8,10,98.93055555555557
0.5,0.8,2,38.78888888889037
0.5,0.8,18,14.697222222225033
0.5,0.8,10,65.56166666666917
0.5,0.8,0,0
0.5,0.8,1,3.333333333335206
0.5,0.8,5,48.02388888889791
0.5,0.8,1,57.2305555555732
0.5,0.8,2,12.973611111111696
0.5,0.8,20,22.72388888889059
0.5,0.8,7,29.932142857143123
0.5,0.8,1,96.80555555555563
0.5,0.8,0,0
0.5,0.8,1,97.70833333333339
0.5,0.9,1,98.81944444444447
0.5,0.9,1,98.26388888888893
0.5,0.9,1,37.89444444444584
0.5,0.9,4,35.92986111111259
0.5,0.9,1,2.694444444451193
0.5,0.9,3,73.77314814814874
0.5,0.9,5,77.90277777777828
0.5,0.9,0,0
0.5,0.9,3,55.93333333333868
0.5,0.9,3,52.464814814816044
0.5,0.9,5,74.55722222222283
0.5,0.9,3,76.17407407407983
0.5,0.9,3,11.700925925924352
0.5,0.9,3,43.83240740740863
0.5,0.9,1,18.472222222224076
0.5,0.9,1,83.4722222222226
0.5,0.9,9,70.05833333333493
0.5,0.9,4,74.93055555555613
0.5,0.9,2,12.19027777777999
0.5,0.9,5,32.862222222227544
0.5,1.0,4,74.33472222222454
0.5,1.0,3,80.62500000000044
0.5,1.0,0,0
0.5,1.0,1,94.51388888888901
0.5,1.0,2,31.961111111113198
0.5,1.0,1,12.902777777779601
0.5,1.0,2,70.42500000000241
0.5,1.0,3,66.58333333333253
0.5,1.0,2,37.74722222222362
0.5,1.0,1,34.02777777777928
0.5,1.0,1,6.769444444448743
0.5,1.0,3,55.08888888889456
0.5,1.0,3,28.10000000000011
0.5,1.0,1,36.73611111111255
0.5,1.0,1,53.17222222222355
0.5,1.0,3,40.993518518519814
0.5,1.0,0,0
0.5,1.0,0,0
0.5,1.0,1,99.0277777777778
0.5,1.0,2,3.0291666666695933
0.6,0.0,8,95.87673611111123
0.6,0.0,20,35.48180555555962
0.6,0.0,20,28.40597222222621
0.6,0.0,8,78.31770833333414
0.6,0.0,13,44.00082182774667
0.6,0.0,8,22.634722222229367
0.6,0.0,17,8.004084967324406
0.6,0.0,11,4.63535353535542
0.6,0.0,2,46.85138888889322
0.6,0.0,20,13.209583333335086
0.6,0.0,8,71.71597222222277
0.6,0.0,0,0
0.6,0.0,8,51.29722222222931
0.6,0.0,20,54.972807017545165
0.6,0.0,20,55.482777777782914
0.6,0.0,8,22.89583333333671
0.6,0.0,20,67.46347222222677
0.6,0.0,8,63.208184523816584
0.6,0.0,0,0
0.6,0.0,16,14.533333333334383
0.6,0.1,0,0
0.6,0.1,0,0
0.6,0.1,20,47.94850146198986
0.6,0.1,0,0
0.6,0.1,7,44.19087301587283
0.6,0.1,7,78.69047619047667
0.6,0.1,16,45.24131944444747
0.6,0.1,19,31.04605263158113
0.6,0.1,8,84.45312500000036
0.6,0.1,16,50.271304563494304
0.6,0.1,20,52.575972222223776
0.6,0.1,8,70.37326388888957
0.6,0.1,8,29.31215277778134
0.6,0.1,0,0
0.6,0.1,20,35.44847222222634
0.6,0.1,0,0
0.6,0.1,8,29.253472222223834
0.6,0.1,8,58.27430555557036
0.6,0.1,6,83.2060185185189
0.6,0.1,15,74.59055555555642
0.6,0.2,8,75.94826388889086
0.6,0.2,14,42.87179487179693
0.6,0.2,8,64.26701388888972
0.6,0.2,20,20.305277777778862
0.6,0.2,19,15.894444444446327
0.6,0.2,8,17.06527777777967
0.6,0.2,16,51.08020833333472
0.6,0.2,8,16.20173611111317
0.6,0.2,0,0
0.6,0.2,12,10.555555555557449
0.6,0.2,14,25.42003968254062
0.6,0.2,0,0
0.6,0.2,8,66.0982638888944
0.6,0.2,18,21.39320987654481
0.6,0.2,8,78.0295138888894
0.6,0.2,1,2.0833333333352027
0.6,0.2,20,26.74652777777979
0.6,0.2,8,15.00937499999793
0.6,0.2,8,30.2694444444501
0.6,0.2,8,65.53055555556412
0.6,0.3,7,19.01587301587492
0.6,0.3,8,57.30451388889588
0.6,0.3,6,48.59074074074197
0.6,0.3,8,70.18333333334618
0.6,0.3,20,63.14877923976742
0.6,0.3,6,1.6157407407434103
0.6,0.3,9,52.044753086420826
0.6,0.3,8,81.76076388889352
0.6,0.3,7,61.71547619047662
0.6,0.3,20,38.58236111111118
0.6,0.3,7,93.09523809523826
0.6,0.3,4,39.445138888887385
0.6,0.3,1,25.594444444446083
0.6,0.3,3,52.93981481481588
0.6,0.3,2,25.01388888889347
0.6,0.3,1,89.37500000000024
0.6,0.3,14,23.530158730160473
0.6,0.3,19,31.025146198832676
0.6,0.3,20,32.368640350879105
0.6,0.3,8,62.027430555556435
0.6,0.4,5,22.523333333337096
0.6,0.4,13,48.969017094018156
0.6,0.4,0,0
0.6,0.4,8,73.21284722222343
0.6,0.4,20,58.53402777777917
0.6,0.4,0,0
0.6,0.4,1,41.358333333334755
0.6,0.4,0,0
0.6,0.4,15,38.91185185185348
0.6,0.4,8,96.39756944444451
0.6,0.4,8,94.93055555555567
0.6,0.4,1,8.780555555552265
0.6,0.4,2,49.58333333333448
0.6,0.4,3,35.872222222223684
0.6,0.4,0,0
0.6,0.4,0,0
0.6,0.4,16,53.70486111111277
0.6,0.4,13,21.31538461538718
0.6,0.4,0,0
0.6,0.4,0,0
0.6,0.5,20,58.376111111111825
0.6,0.5,0,0
0.6,0.5,5,4.305555555557431
0.6,0.5,5,36.21944444444915
0.6,0.5,8,18.92986111111303
0.6,0.5,16,41.03611111111312
0.6,0.5,0,0
0.6,0.5,18,37.86033950617459
0.6,0.5,8,83.42812500000046
0.6,0.5,0,0
0.6,0.5,0,0
0.6,0.5,1,68.02500000000082
0.6,0.5,5,86.25000000000031
0.6,0.5,20,55.37777777777917
0.6,0.5,19,47.619298245615276
0.6,0.5,0,0
0.6,0.5,19,39.62573099415347
0.6,0.5,8,89.65277777777803
0.6,0.5,1,16.18055555555746
0.6,0.5,8,27.83923611111294
0.6,0.6,8,93.48090277777794
0.6,0.6,6,63.3953703703751
0.6,0.6,0,0
0.6,0.6,0,0
0.6,0.6,8,43.12638888889077
0.6,0.6,1,26.21944444444621
0.6,0.6,1,4.713888888894864
0.6,0.6,8,47.42361111111332
0.6,0.6,8,73.7326388888895
0.6,0.6,8,85.01006944444629
0.6,0.6,7,51.816666666667764
0.6,0.6,8,30.833333333334906
0.6,0.6,20,8.20750000000183
0.6,0.6,19,65.93421052631739
0.6,0.6,20,26.608055555557236
0.6,0.6,0,0
0.6,0.6,8,59.18402777778678
0.6,0.6,7,40.17539682540132
0.6,0.6,8,22.7694444444463
0.6,0.6,1,8.541666666668554
0.6,0.7,14,38.594413919416255
0.6,0.7,0,0
0.6,0.7,8,28.578472222223866
0.6,0.7,19,27.35467836257494
0.6,0.7,16,11.900694444446652
0.6,0.7,20,59.86736111111393
0.6,0.7,11,12.42777777777948
0.6,0.7,3,52.9888888888882
0.6,0.7,2,88.55833333333617
0.6,0.7,16,42.448437500001575
0.6,0.7,1,5.138888888890767
0.6,0.7,1,58.87777777779273
0.6,0.7,8,88.38293650793733
0.6,0.7,0,0
0.6,0.7,1,89.65277777777801
0.6,0.7,8,19.652777777779605
0.6,0.7,3,20.050000000000136
0.6,0.7,1,5.399999999999627
0.6,0.7,5,64.68444444444592
0.6,0.7,10,7.083333333335217
0.6,0.8,20,43.666140350878855
0.6,0.8,1,14.16111111111264
0.6,0.8,0,0
0.6,0.8,1,72.97222222222328
0.6,0.8,3,82.29444444445303
0.6,0.8,8,70.29513888888955
0.6,0.8,1,14.116666666667108
0.6,0.8,2,74.10138888888957
0.6,0.8,1,62.786111111112135
0.6,0.8,15,23.80351851852025
0.6,0.8,8,89.01909722222246
0.6,0.8,8,38.21006944444649
0.6,0.8,5,76.96777777777844
0.6,0.8,8,11.300000000002704
0.6,0.8,1,18.302777777779653
0.6,0.8,2,96.00694444444454
0.6,0.8,0,0
0.6,0.8,5,75.16666666666723
0.6,0.8,2,20.95694444444614
0.6,0.8,1,94.02777777777791
0.6,0.9,20,31.99258771930072
0.6,0.9,4,30.439583333338128
0.6,0.9,1,13.941666666664506
0.6,0.9,7,17.403174603174726
0.6,0.9,0,0
0.6,0.9,7,51.593650793653346
0.6,0.9,3,65.08240740740823
0.6,0.9,20,45.41597222222394
0.6,0.9,4,45.307638888892484
0.6,0.9,0,0
0.6,0.9,1,61.94444444444531
0.6,0.9,8,81.4134424603189
0.6,0.9,7,25.430158730160503
0.6,0.9,7,73.3829365079371
0.6,0.9,1,88.23333333333812
0.6,0.9,8,73.63715277777837
0.6,0.9,0,0
0.6,0.9,3,55.187962962964775
0.6,0.9,1,46.913888888890185
0.6,0.9,8,16.825000000001836
0.6,1.0,2,95.48611111111121
0.6,1.0,2,41.476388888898896
0.6,1.0,2,82.5000000000004
0.6,1.0,3,63.37222222222315
0.6,1.0,0,0
0.6,1.0,3,58.21574074074559
0.6,1.0,4,36.69583333333484
0.6,1.0,1,50.694444444445566
0.6,1.0,2,17.39583333333513
0.6,1.0,0,0
0.6,1.0,4,22.008333333335067
0.6,1.0,0,0
0.6,1.0,3,60.980555555557906
0.6,1.0,1,32.99444444444586
0.6,1.0,1,3.966666666668546
0.6,1.0,1,64.0277777777786
0.6,1.0,2,77.34583333334288
0.6,1.0,6,71.41435185185252
0.6,1.0,1,70.13888888888957
0.6,1.0,0,0
0.7,0.0,15,28.17925925926085
0.7,0.0,0,0
0.7,0.0,19,16.386111111114634
0.7,0.0,5,75.74444444444516
0.7,0.0,0,0
0.7,0.0,15,14.45592592592783
0.7,0.0,6,97.70833333333339
0.7,0.0,6,40.78703703703838
0.7,0.0,20,45.38146929824721
0.7,0.0,0,0
0.7,0.0,20,34.55638888889037
0.7,0.0,0,0
0.7,0.0,20,41.225694444445786
0.7,0.0,20,47.350000000001685
0.7,0.0,19,8.245614035089607
0.7,0.0,20,57.0208333333343
0.7,0.0,6,33.44907407407559
0.7,0.0,6,94.26712962962979
0.7,0.0,6,57.229166666668156
0.7,0.0,5,35.97888888889099
0.7,0.1,0,0
0.7,0.1,1,13.094444444446363
0.7,0.1,6,20.64351851851972
0.7,0.1,18,32.98441358024844
0.7,0.1,1,31.74444444444589
0.7,0.1,6,73.19537037037975
0.7,0.1,6,15.370370370372278
0.7,0.1,20,55.384166666668854
0.7,0.1,17,16.805065359481745
0.7,0.1,6,40.75694444445531
0.7,0.1,15,26.28148148148313
0.7,0.1,3,70.61759259259321
0.7,0.1,0,0
0.7,0.1,6,93.96990740740755
0.7,0.1,18,40.675199709515304
0.7,0.1,6,82.82407407407446
0.7,0.1,6,90.55555555555577
0.7,0.1,6,43.96990740740869
0.7,0.1,0,0
0.7,0.1,0,0
0.7,0.2,1,83.40277777777816
0.7,0.2,20,29.3328373015892
0.7,0.2,0,0
0.7,0.2,20,68.61027777777937
0.7,0.2,6,68.14212962963047
0.7,0.2,0,0
0.7,0.2,18,18.113888888891058
0.7,0.2,0,0
0.7,0.2,6,97.15277777777784
0.7,0.2,20,41.529444444445815
0.7,0.2,0,0
0.7,0.2,0,0
0.7,0.2,15,20.822037037038843
0.7,0.2,5,85.61111111111144
0.7,0.2,5,38.840555555558105
0.7,0.2,6,47.29675925926167
0.7,0.2,0,0
0.7,0.2,0,0
0.7,0.2,1,25.375000000008114
0.7,0.2,20,47.486111111112294
0.7,0.3,0,0
0.7,0.3,17,13.034640522879895
0.7,0.3,7,35.53650793650428
0.7,0.3,6,92.10277777777799
0.7,0.3,19,68.500146198833
0.7,0.3,0,0
0.7,0.3,6,46.38101851852062
0.7,0.3,1,17.708333333335204
0.7,0.3,20,66.12752192982612
0.7,0.3,20,16.328472222224157
0.7,0.3,18,69.26774691358209
0.7,0.3,20,44.30555555555681
0.7,0.3,17,39.203431372550256
0.7,0.3,17,40.787581699349005
0.7,0.3,20,41.76823830409545
0.7,0.3,6,49.600000000006155
0.7,0.3,6,37.951851851854215
0.7,0.3,0,0
0.7,0.3,8,58.14131944445304
0.7,0.3,0,0
0.7,0.4,6,32.47824074074226
0.7,0.4,2,50.92638888889014
0.7,0.4,1,35.65555555555039
0.7,0.4,15,39.72962962963177
0.7,0.4,0,0
0.7,0.4,1,92.63888888888906
0.7,0.4,6,54.97685185185287
0.7,0.4,5,71.63277777778127
0.7,0.4,6,38.12500000000141
0.7,0.4,19,43.78055555555754
0.7,0.4,6,97.14120370370377
0.7,0.4,3,57.543518518519114
0.7,0.4,0,0
0.7,0.4,0,0
0.7,0.4,10,5.069444444446321
0.7,0.4,2,26.08055555555489
0.7,0.4,6,89.10879629629653
0.7,0.4,6,83.19444444444483
0.7,0.4,5,35.083333333334814
0.7,0.4,3,94.0277777777779
0.7,0.5,20,57.2159722222241
0.7,0.5,6,28.28981481481641
0.7,0.5,2,55.39027777777873
0.7,0.5,14,42.87202380952491
0.7,0.5,6,89.34027777777801
0.7,0.5,6,88.32175925925952
0.7,0.5,1,1.586111111120544
0.7,0.5,20,46.44416666667037
0.7,0.5,1,20.37500000001244
0.7,0.5,1,95.41666666666677
0.7,0.5,6,59.224537037037784
0.7,0.5,0,0
0.7,0.5,1,99.79166666666667
0.7,0.5,3,34.74537037037175
0.7,0.5,2,59.356944444446476
0.7,0.5,20,43.42569444444618
0.7,0.5,16,40.27413194444651
0.7,0.5,7,28.423412698418712
0.7,0.5,15,40.75740740740954
0.7,0.5,15,7.303518518518545
0.7,0.6,3,19.50648148148333
0.7,0.6,0,0
0.7,0.6,20,30.835416666668827
0.7,0.6,13,17.742521367522464
0.7,0.6,2,87.38611111111193
0.7,0.6,14,2.5000000000018696
0.7,0.6,6,81.1949074074078
0.7,0.6,3,43.475000000008265
0.7,0.6,7,77.84404761905067
0.7,0.6,0,0
0.7,0.6,6,88.74722222222185
0.7,0.6,16,29.90138888889076
0.7,0.6,4,75.38194444445153
0.7,0.6,2,75.0347222222228
0.7,0.6,14,20.972222222224016
0.7,0.6,6,52.74629629629902
0.7,0.6,0,0
0.7,0.6,1,8.055555555557442
0.7,0.6,3,48.05555555555674
0.7,0.6,1,69.44444444444514
0.7,0.7,2,80.30138888888948
0.7,0.7,1,51.25000000000111
0.7,0.7,17,35.134803921570374
0.7,0.7,4,44.26111111111355
0.7,0.7,2,45.247222222223556
0.7,0.7,0,0
0.7,0.7,6,79.65277777777824
0.7,0.7,2,96.73611111111119
0.7,0.7,0,0
0.7,0.7,20,36.13152777778129
0.7,0.7,6,55.15046296296398
0.7,0.7,20,19.822361111113807
0.7,0.7,6,77.70601851851974
0.7,0.7,0,0
0.7,0.7,20,27.500277777780024
0.7,0.7,0,0
0.7,0.7,0,0
0.7,0.7,0,0
0.7,0.7,20,10.265972222223981
0.7,0.7,20,31.700833333335474
0.7,0.8,1,82.27777777777862
0.7,0.8,5,46.68611111111225
0.7,0.8,6,83.68055555555593
0.7,0.8,6,77.96990740740948
0.7,0.8,0,0
0.7,0.8,20,29.464071637431545
0.7,0.8,6,27.748611111112876
0.7,0.8,15,40.66018518518721
0.7,0.8,6,74.09722222222281
0.7,0.8,0,0
0.7,0.8,1,15.802777777779633
0.7,0.8,1,96.52777777777786
0.7,0.8,19,4.765058479534019
0.7,0.8,5,68.40166666666914
0.7,0.8,1,20.76388888889069
0.7,0.8,6,20.438888888890357
0.7,0.8,2,61.516666666667675
0.7,0.8,0,0
0.7,0.8,2,47.60416666666786
0.7,0.8,0,0
0.7,0.9,2,65.50555555555638
0.7,0.9,2,17.347222222224882
0.7,0.9,6,82.10138888889115
0.7,0.9,0,0
0.7,0.9,2,29.0972222222238
0.7,0.9,6,47.117129629630845
0.7,0.9,6,84.11527777777816
0.7,0.9,6,53.63425925926031
0.7,0.9,2,44.06666666666784
0.7,0.9,1,60.55833333335055
0.7,0.9,1,41.39722222222345
0.7,0.9,1,78.41111111112286
0.7,0.9,3,32.88888888888876
0.7,0.9,20,34.98605263158016
0.7,0.9,0,0
0.7,0.9,6,72.88194444444505
0.7,0.9,4,60.555555555560986
0.7,0.9,1,98.40277777777781
0.7,0.9,2,95.06944444444456
0.7,0.9,0,0
0.7,1.0,0,0
0.7,1.0,2,54.981944444445205
0.7,1.0,0,0
0.7,1.0,3,29.72777777777934
0.7,1.0,2,44.895833333334586
0.7,1.0,0,0
0.7,1.0,2,57.63888888888985
0.7,1.0,1,52.56944444444552
0.7,1.0,1,21.527777777779562
0.7,1.0,1,31.458333333334892
0.7,1.0,5,50.082777777781416
0.7,1.0,2,63.47222222222305
0.7,1.0,2,42.07222222222346
0.7,1.0,3,66.70925925926635
0.7,1.0,6,65.40509259259557
0.7,1.0,4,62.432638888889784
0.7,1.0,2,62.63888888889201
0.7,1.0,2,72.64722222222302
0.7,1.0,2,23.21111111111278
0.7,1.0,5,39.75944444444576
0.8,0.0,0,0
0.8,0.0,0,0
0.8,0.0,20,42.19027046784096
0.8,0.0,4,47.01111111112479
0.8,0.0,18,25.98641975308812
0.8,0.0,4,76.80347222222326
0.8,0.0,0,0
0.8,0.0,4,32.42430555555599
0.8,0.0,19,7.139327485381922
0.8,0.0,4,73.883333333334
0.8,0.0,4,87.73541666666698
0.8,0.0,4,88.26388888888971
0.8,0.0,0,0
0.8,0.0,4,44.68194444444577
0.8,0.0,4,75.50347222222277
0.8,0.0,16,19.791666666668497
0.8,0.0,4,92.46527777777794
0.8,0.0,4,20.55555555555736
0.8,0.0,4,98.76736111111114
0.8,0.0,20,57.87194444444672
0.8,0.1,4,40.11180555555296
0.8,0.1,4,27.70555555555533
0.8,0.1,20,27.62250000000224
0.8,0.1,4,88.29861111111137
0.8,0.1,4,97.95138888888894
0.8,0.1,0,0
0.8,0.1,18,32.483333333334855
0.8,0.1,3,72.0527777777785
0.8,0.1,4,56.71875000000834
0.8,0.1,0,0
0.8,0.1,3,88.19444444444473
0.8,0.1,4,46.61458333333455
0.8,0.1,4,80.21458333333392
0.8,0.1,6,36.61574074074313
0.8,0.1,0,0
0.8,0.1,20,56.26929824561553
0.8,0.1,9,4.39135802469322
0.8,0.1,20,38.22527777777957
0.8,0.1,4,97.0833333333334
0.8,0.1,0,0
0.8,0.2,1,62.71666666666769
0.8,0.2,3,92.52314814814832
0.8,0.2,0,0
0.8,0.2,20,43.974444444446775
0.8,0.2,4,19.114583333335172
0.8,0.2,4,60.41666666666757
0.8,0.2,20,55.54499269006004
0.8,0.2,4,47.604166666667865
0.8,0.2,4,20.920138888890687
0.8,0.2,19,24.678362573100927
0.8,0.2,0,0
0.8,0.2,4,56.76666666667548
0.8,0.2,4,37.62638888889613
0.8,0.2,4,95.72916666666677
0.8,0.2,0,0
0.8,0.2,0,0
0.8,0.2,4,75.02361111111182
0.8,0.2,0,0
0.8,0.2,4,90.434027777778
0.8,0.2,0,0
0.8,0.3,4,91.35902777778104
0.8,0.3,4,48.43055555556319
0.8,0.3,20,39.750694444446424
0.8,0.3,4,73.55555555555627
0.8,0.3,4,52.43888888889096
0.8,0.3,4,2.386111111113027
0.8,0.3,20,28.517361111112745
0.8,0.3,2,86.25000000000031
0.8,0.3,14,14.07738095238271
0.8,0.3,20,33.74208333333597
0.8,0.3,19,25.59298245614193
0.8,0.3,5,74.7638888888894
0.8,0.3,4,84.74513888888966
0.8,0.3,2,3.3666666666737894
0.8,0.3,4,49.263888888896645
0.8,0.3,4,44.768055555564565
0.8,0.3,4,31.329861111112066
0.8,0.3,20,40.65818713450477
0.8,0.3,2,56.70138888888987
0.8,0.3,4,71.9618055555562
0.8,0.4,0,0
0.8,0.4,4,79.50347222223078
0.8,0.4,4,44.87083333333457
0.8,0.4,4,45.63402777778388
0.8,0.4,1,41.05555555556088
0.8,0.4,4,86.31944444444476
0.8,0.4,1,93.1944444444446
0.8,0.4,4,55.954861111112116
0.8,0.4,20,16.680277777780994
0.8,0.4,2,97.04861111111117
0.8,0.4,0,0
0.8,0.4,20,22.78708333333612
0.8,0.4,20,33.92166666666935
0.8,0.4,20,30.696381578949445
0.8,0.4,0,0
0.8,0.4,19,46.4940058479551
0.8,0.4,0,0
0.8,0.4,4,86.42986111111156
0.8,0.4,20,48.383881578949044
0.8,0.4,19,32.26812865497344
0.8,0.5,4,66.24513888890046
0.8,0.5,4,30.561805555559427
0.8,0.5,16,31.87500000000154
0.8,0.5,20,63.57028895769029
0.8,0.5,0,0
0.8,0.5,20,31.574159356729258
0.8,0.5,4,47.63888888889008
0.8,0.5,4,51.896527777778886
0.8,0.5,20,26.717361111112744
0.8,0.5,18,35.76673164392626
0.8,0.5,20,41.09166666666844
0.8,0.5,3,37.25462962963466
0.8,0.5,20,42.199853801171386
0.8,0.5,0,0
0.8,0.5,1,81.5277777777782
0.8,0.5,5,71.39777777778184
0.8,0.5,4,96.64930555555563
0.8,0.5,0,0
0.8,0.5,2,86.56250000000031
0.8,0.5,4,70.04652777778296
0.8,0.6,1,89.23611111111136
0.8,0.6,20,37.52624269006041
0.8,0.6,1,58.888888888889824
0.8,0.6,16,1.5972222222240913
0.8,0.6,3,48.451851851854514
0.8,0.6,1,8.233333333335239
0.8,0.6,0,0
0.8,0.6,4,26.790277777779487
0.8,0.6,4,37.893750000001404
0.8,0.6,0,0
0.8,0.6,17,35.9722222222239
0.8,0.6,12,6.9444444444463285
0.8,0.6,2,12.429166666668554
0.8,0.6,4,21.363888888890564
0.8,0.6,4,49.931944444447495
0.8,0.6,0,0
0.8,0.6,1,15.744444444452178
0.8,0.6,3,83.19814814815624
0.8,0.6,1,5.869444444440267
0.8,0.6,3,94.7453703703705
0.8,0.7,3,43.771296296300186
0.8,0.7,1,23.40277777777952
0.8,0.7,0,0
0.8,0.7,0,0
0.8,0.7,3,62.150000000013485
0.8,0.7,1,12.508333333335267
0.8,0.7,4,37.91666666667439
0.8,0.7,2,89.965277777778
0.8,0.7,1,96.04166666666676
0.8,0.7,1,20.94999999999655
0.8,0.7,1,46.17500000000876
0.8,0.7,4,28.91597222222386
0.8,0.7,1,94.93055555555567
0.8,0.7,1,40.486111111112464
0.8,0.7,20,17.809027777779352
0.8,0.7,0,0
0.8,0.7,4,93.33333333333348
0.8,0.7,19,12.131286549709493
0.8,0.7,2,5.922222222223119
0.8,0.7,4,70.39375000000074
0.8,0.8,0,0
0.8,0.8,3,32.0370370370385
0.8,0.8,4,51.371527777778816
0.8,0.8,1,60.84722222223154
0.8,0.8,20,33.36957602339503
0.8,0.8,1,27.44444444444818
0.8,0.8,1,14.744444444447675
0.8,0.8,2,21.78194444444282
0.8,0.8,20,19.806805555557307
0.8,0.8,2,72.32638888888951
0.8,0.8,1,37.347222222236624
0.8,0.8,1,72.40000000000072
0.8,0.8,4,13.615972222233644
0.8,0.8,4,59.03750000000092
0.8,0.8,20,23.062500000001624
0.8,0.8,2,94.27083333333346
0.8,0.8,6,20.30092592592749
0.8,0.8,2,44.44444444444571
0.8,0.8,1,35.80555555557459
0.8,0.8,0,0
0.8,0.9,2,38.98611111110776
0.8,0.9,4,21.323611111106075
0.8,0.9,0,0
0.8,0.9,4,54.08055555556072
0.8,0.9,1,3.8861111111073985
0.8,0.9,4,68.23125000000077
0.8,0.9,4,24.35902777778155
0.8,0.9,0,0
0.8,0.9,1,97.29166666666673
0.8,0.9,1,26.31944444444612
0.8,0.9,1,99.79166666666667
0.8,0.9,0,0
0.8,0.9,4,74.21875000000058
0.8,0.9,0,0
0.8,0.9,1,81.8000000000099
0.8,0.9,2,79.06111111111977
0.8,0.9,4,83.80208333333371
0.8,0.9,1,33.802777777770714
0.8,0.9,0,0
0.8,0.9,1,13.611111111113013
0.8,1.0,1,6.01111111111301
0.8,1.0,4,65.0319444444461
0.8,1.0,3,91.93703703703731
0.8,1.0,0,0
0.8,1.0,0,0
0.8,1.0,3,61.47407407407972
0.8,1.0,1,97.98611111111116
0.8,1.0,3,63.264814814818976
0.8,1.0,0,0
0.8,1.0,0,0
0.8,1.0,3,85.37314814814853
0.8,1.0,2,60.28611111111702
0.8,1.0,1,99.30555555555557
0.8,1.0,4,36.854166666672114
0.8,1.0,3,59.87962962963069
0.8,1.0,3,63.405555555559744
0.8,1.0,1,10.558333333334746
0.8,1.0,2,39.19027777777929
0.8,1.0,3,10.115740740742632
0.8,1.0,2,17.261111111112974
0.9,0.0,20,33.10157163742899
0.9,0.0,20,85.90972222222251
0.9,0.0,19,29.284356725148427
0.9,0.0,0,0
0.9,0.0,18,11.527777777779674
0.9,0.0,0,0
0.9,0.0,2,8.923611111113
0.9,0.0,20,22.0069444444462
0.9,0.0,20,5.788194444446324
0.9,0.0,20,34.55643274853986
0.9,0.0,2,45.23194444444582
0.9,0.0,19,31.437134502926153
0.9,0.0,0,0
0.9,0.0,18,19.922530864199913
0.9,0.0,0,0
0.9,0.0,0,0
0.9,0.0,18,27.75158382066493
0.9,0.0,17,6.85915032679926
0.9,0.0,18,27.31578947368649
0.9,0.0,0,0
0.9,0.1,2,83.54166666666926
0.9,0.1,20,8.411250000001065
0.9,0.1,0,0
0.9,0.1,2,90.9375000000002
0.9,0.1,2,93.54166666666681
0.9,0.1,20,55.61569444444664
0.9,0.1,20,28.263888888890513
0.9,0.1,20,29.334166666668857
0.9,0.1,18,8.541666666668558
0.9,0.1,0,0
0.9,0.1,0,0
0.9,0.1,19,58.36038011696125
0.9,0.1,12,4.44444444444632
0.9,0.1,0,0
0.9,0.1,0,0
0.9,0.1,17,7.430555555557444
0.9,0.1,20,23.32138888889063
0.9,0.1,2,7.3652777777803085
0.9,0.1,2,61.180555555562876
0.9,0.1,2,93.47222222222237
0.9,0.2,2,68.06388888889977
0.9,0.2,15,8.55814814814998
0.9,0.2,18,13.055555555557454
0.9,0.2,0,0
0.9,0.2,1,58.54722222223141
0.9,0.2,2,77.60833333333393
0.9,0.2,2,98.15972222222226
0.9,0.2,20,16.95263888889076
0.9,0.2,2,91.49305555555574
0.9,0.2,20,55.570087719300396
0.9,0.2,0,0
0.9,0.2,2,57.24166666666768
0.9,0.2,18,6.87500000000188
0.9,0.2,1,37.81666666666817
0.9,0.2,2,13.26388888889079
0.9,0.2,0,0
0.9,0.2,0,0
0.9,0.2,18,22.15277777777954
0.9,0.2,0,0
0.9,0.2,20,25.856111111112785
0.9,0.3,0,0
0.9,0.3,20,23.182500000001745
0.9,0.3,20,30.494583333335704
0.9,0.3,2,68.43750000000071
0.9,0.3,20,26.40097222222436
0.9,0.3,0,0
0.9,0.3,3,7.795370370372184
0.9,0.3,20,26.867777777779317
0.9,0.3,0,0
0.9,0.3,1,38.53611111111313
0.9,0.3,20,42.89809941520805
0.9,0.3,20,20.290138888890688
0.9,0.3,20,25.48263888889059
0.9,0.3,0,0
0.9,0.3,20,26.946154970762308
0.9,0.3,2,82.26666666667097
0.9,0.3,1,9.122222222219811
0.9,0.3,20,25.965277777779455
0.9,0.3,18,11.111111111113011
0.9,0.3,0,0
0.9,0.4,17,41.13496732026426
0.9,0.4,2,23.405555555557086
0.9,0.4,1,94.93055555555567
0.9,0.4,2,38.73333333333369
0.9,0.4,0,0
0.9,0.4,0,0
0.9,0.4,2,59.17361111111847
0.9,0.4,5,15.79333333333293
0.9,0.4,0,0
0.9,0.4,19,22.565789473685978
0.9,0.4,20,15.895833333335242
0.9,0.4,1,98.33333333333337
0.9,0.4,2,82.86250000000479
0.9,0.4,0,0
0.9,0.4,20,31.301432748540144
0.9,0.4,2,79.06250000000048
0.9,0.4,18,12.361111111113011
0.9,0.4,20,11.738194444447188
0.9,0.4,2,95.31250000000011
0.9,0.4,20,43.60763888889019
0.9,0.5,1,71.35833333333407
0.9,0.5,2,59.64583333333444
0.9,0.5,16,11.041666666668561
0.9,0.5,19,50.09941520468012
0.9,0.5,2,92.64027777777835
0.9,0.5,2,67.9722222222278
0.9,0.5,1,39.72222222222359
0.9,0.5,2,81.28472222222265
0.9,0.5,0,0
0.9,0.5,1,40.772222222223746
0.9,0.5,19,29.498391812867716
0.9,0.5,2,48.05555555555955
0.9,0.5,0,0
0.9,0.5,20,36.709210526317705
0.9,0.5,2,74.93055555555613
0.9,0.5,2,32.94722222221779
0.9,0.5,2,20.48611111111289
0.9,0.5,1,86.3888888888892
0.9,0.5,0,0
0.9,0.5,19,12.174707602340977
0.9,0.6,2,7.898611111118333
0.9,0.6,1,46.3583333333345
0.9,0.6,0,0
0.9,0.6,18,12.56944444444634
0.9,0.6,0,0
0.9,0.6,20,30.593333333335373
0.9,0.6,0,0
0.9,0.6,19,14.130701754388452
0.9,0.6,1,99.37500000000001
0.9,0.6,1,29.25277777779595
0.9,0.6,2,53.4513888888946
0.9,0.6,19,30.20560172360944
0.9,0.6,0,0
0.9,0.6,1,9.027777777779667
0.9,0.6,1,9.583333333329357
0.9,0.6,1,20.713888888886295
0.9,0.6,1,76.04166666666721
0.9,0.6,0,0
0.9,0.6,2,23.64583333333504
0.9,0.6,1,31.944444444445992
0.9,0.7,0,0
0.9,0.7,2,78.50694444444494
0.9,0.7,20,13.744722222224064
0.9,0.7,20,34.2786549707623
0.9,0.7,2,35.713888888890324
0.9,0.7,0,0
0.9,0.7,1,86.08055555555596
0.9,0.7,1,99.86111111111111
0.9,0.7,1,84.37500000000036
0.9,0.7,2,36.29444444445659
0.9,0.7,2,56.825000000001026
0.9,0.7,2,91.80555555555574
0.9,0.7,20,31.721571637429015
0.9,0.7,1,40.62500000001278
0.9,0.7,1,38.22777777778958
0.9,0.7,0,0
0.9,0.7,2,72.38750000001153
0.9,0.7,2,17.918055555552577
0.9,0.7,0,0
0.9,0.7,1,51.21944444444564
0.9,0.8,2,97.9916666666672
0.9,0.8,2,36.66666666666811
0.9,0.8,1,23.125000000001748
0.9,0.8,2,54.394444444445455
0.9,0.8,20,36.60684941520667
0.9,0.8,0,0
0.9,0.8,0,0
0.9,0.8,1,96.25000000000009
0.9,0.8,1,21.86111111110904
0.9,0.8,2,59.731944444450264
0.9,0.8,0,0
0.9,0.8,2,45.01944444444574
0.9,0.8,20,16.225694444446322
0.9,0.8,2,61.9138888888897
0.9,0.8,3,23.716666666668303
0.9,0.8,2,96.18055555555564
0.9,0.8,2,62.18750000000086
0.9,0.8,2,46.18750000000644
0.9,0.8,0,0
0.9,0.8,2,38.73472222222359
0.9,0.9,0,0
0.9,0.9,2,51.30416666666782
0.9,0.9,2,71.11111111111177
0.9,0.9,2,53.368055555556616
0.9,0.9,2,81.45833333333375
0.9,0.9,1,2.777777777779649
0.9,0.9,1,17.74444444444636
0.9,0.9,0,0
0.9,0.9,2,77.94444444444517
0.9,0.9,2,60.57500000000094
0.9,0.9,1,1.1777777777781278
0.9,0.9,1,61.28888888888986
0.9,0.9,1,95.55555555555566
0.9,0.9,2,77.43055555555607
0.9,0.9,2,83.12500000000038
0.9,0.9,2,75.51388888888967
0.9,0.9,2,94.09722222222236
0.9,0.9,2,77.22222222222274
0.9,0.9,2,25.88750000000166
0.9,0.9,18,12.085493827162374
0.9,1.0,0,0
0.9,1.0,1,94.6527777777779
0.9,1.0,1,96.94444444444451
0.9,1.0,1,66.49722222222307
0.9,1.0,2,40.84166666666696
0.9,1.0,2,82.8125000000004
0.9,1.0,2,65.41111111112886
0.9,1.0,0,0
0.9,1.0,1,88.65833333333386
0.9,1.0,2,97.46527777777783
0.9,1.0,1,3.772222222231573
0.9,1.0,2,74.78611111111563
0.9,1.0,1,80.8027777777783
0.9,1.0,2,45.57500000000113
0.9,1.0,2,51.13333333334532
0.9,1.0,2,57.056944444445854
0.9,1.0,1,96.5972222222223
0.9,1.0,1,80.18611111111183
0.9,1.0,0,0
0.9,1.0,0,0
1.0,0.0,0,0
1.0,0.0,0,0
1.0,0.0,0,0
1.0,0.0,0,0
1.0,0.0,0,0
1.0,0.0,0,0
1.0,0.0,0,0
1.0,0.0,0,0
1.0,0.0,0,0
1.0,0.0,0,0
1.0,0.0,0,0
1.0,0.0,0,0
1.0,0.0,0,0
1.0,0.0,0,0
1.0,0.0,0,0
1.0,0.0,0,0
1.0,0.0,0,0
1.0,0.0,0,0
1.0,0.0,0,0
1.0,0.0,0,0
1.0,0.1,0,0
1.0,0.1,0,0
1.0,0.1,0,0
1.0,0.1,0,0
1.0,0.1,0,0
1.0,0.1,0,0
1.0,0.1,0,0
1.0,0.1,0,0
1.0,0.1,0,0
1.0,0.1,0,0
1.0,0.1,0,0
1.0,0.1,0,0
1.0,0.1,0,0
1.0,0.1,0,0
1.0,0.1,0,0
1.0,0.1,0,0
1.0,0.1,0,0
1.0,0.1,0,0
1.0,0.1,0,0
1.0,0.1,0,0
1.0,0.2,0,0
1.0,0.2,0,0
1.0,0.2,0,0
1.0,0.2,0,0
1.0,0.2,0,0
1.0,0.2,0,0
1.0,0.2,0,0
1.0,0.2,0,0
1.0,0.2,0,0
1.0,0.2,0,0
1.0,0.2,0,0
1.0,0.2,0,0
1.0,0.2,0,0
1.0,0.2,0,0
1.0,0.2,0,0
1.0,0.2,0,0
1.0,0.2,0,0
1.0,0.2,0,0
1.0,0.2,0,0
1.0,0.2,0,0
1.0,0.3,0,0
1.0,0.3,0,0
1.0,0.3,0,0
1.0,0.3,0,0
1.0,0.3,0,0
1.0,0.3,0,0
1.0,0.3,0,0
1.0,0.3,0,0
1.0,0.3,0,0
1.0,0.3,0,0
1.0,0.3,0,0
1.0,0.3,0,0
1.0,0.3,0,0
1.0,0.3,0,0
1.0,0.3,0,0
1.0,0.3,0,0
1.0,0.3,0,0
1.0,0.3,0,0
1.0,0.3,0,0
1.0,0.3,0,0
1.0,0.4,0,0
1.0,0.4,0,0
1.0,0.4,0,0
1.0,0.4,0,0
1.0,0.4,0,0
1.0,0.4,0,0
1.0,0.4,0,0
1.0,0.4,0,0
1.0,0.4,0,0
1.0,0.4,0,0
1.0,0.4,0,0
1.0,0.4,0,0
1.0,0.4,0,0
1.0,0.4,0,0
1.0,0.4,0,0
1.0,0.4,0,0
1.0,0.4,0,0
1.0,0.4,0,0
1.0,0.4,0,0
1.0,0.4,0,0
1.0,0.5,0,0
1.0,0.5,0,0
1.0,0.5,0,0
1.0,0.5,0,0
1.0,0.5,0,0
1.0,0.5,0,0
1.0,0.5,0,0
1.0,0.5,0,0
1.0,0.5,0,0
1.0,0.5,0,0
1.0,0.5,0,0
1.0,0.5,0,0
1.0,0.5,0,0
1.0,0.5,0,0
1.0,0.5,0,0
1.0,0.5,0,0
1.0,0.5,0,0
1.0,0.5,0,0
1.0,0.5,0,0
1.0,0.5,0,0
1.0,0.6,0,0
1.0,0.6,0,0
1.0,0.6,0,0
1.0,0.6,0,0
1.0,0.6,0,0
1.0,0.6,0,0
1.0,0.6,0,0
1.0,0.6,0,0
1.0,0.6,0,0
1.0,0.6,0,0
1.0,0.6,0,0
1.0,0.6,0,0
1.0,0.6,0,0
1.0,0.6,0,0
1.0,0.6,0,0
1.0,0.6,0,0
1.0,0.6,0,0
1.0,0.6,0,0
1.0,0.6,0,0
1.0,0.6,0,0
1.0,0.7,0,0
1.0,0.7,0,0
1.0,0.7,0,0
1.0,0.7,0,0
1.0,0.7,0,0
1.0,0.7,0,0
1.0,0.7,0,0
1.0,0.7,0,0
1.0,0.7,0,0
1.0,0.7,0,0
1.0,0.7,0,0
1.0,0.7,0,0
1.0,0.7,0,0
1.0,0.7,0,0
1.0,0.7,0,0
1.0,0.7,0,0
1.0,0.7,0,0
1.0,0.7,0,0
1.0,0.7,0,0
1.0,0.7,0,0
1.0,0.8,0,0
1.0,0.8,0,0
1.0,0.8,0,0
1.0,0.8,0,0
1.0,0.8,0,0
1.0,0.8,0,0
1.0,0.8,0,0
1.0,0.8,0,0
1.0,0.8,0,0
1.0,0.8,0,0
1.0,0.8,0,0
1.0,0.8,0,0
1.0,0.8,0,0
1.0,0.8,0,0
1.0,0.8,0,0
1.0,0.8,0,0
1.0,0.8,0,0
1.0,0.8,0,0
1.0,0.8,0,0
1.0,0.8,0,0
1.0,0.9,0,0
1.0,0.9,0,0
1.0,0.9,0,0
1.0,0.9,0,0
1.0,0.9,0,0
1.0,0.9,0,0
1.0,0.9,0,0
1.0,0.9,0,0
1.0,0.9,0,0
1.0,0.9,0,0
1.0,0.9,0,0
1.0,0.9,0,0
1.0,0.9,0,0
1.0,0.9,0,0
1.0,0.9,0,0
1.0,0.9,0,0
1.0,0.9,0,0
1.0,0.9,0,0
1.0,0.9,0,0
1.0,0.9,0,0
1.0,1.0,0,0
1.0,1.0,0,0
1.0,1.0,0,0
1.0,1.0,0,0
1.0,1.0,0,0
1.0,1.0,0,0
1.0,1.0,0,0
1.0,1.0,0,0
1.0,1.0,0,0
1.0,1.0,0,0
1.0,1.0,0,0
1.0,1.0,0,0
1.0,1.0,0,0
1.0,1.0,0,0
1.0,1.0,0,0
1.0,1.0,0,0
1.0,1.0,0,0
1.0,1.0,0,0
1.0,1.0,0,0
1.0,1.0,0,0
