0.0,0.0,11,57.57474747474844

0.0,0.0,5,74.62500000000058

0.0,0.0,12,46.93171296296733

0.0,0.0,2,45.61388888888656

0.0,0.0,14,66.07123015873078

0.0,0.0,12,66.54513888888965

0.0,0.0,2,93.95833333333347

0.0,0.0,7,66.48095238095333

0.0,0.0,14,59.16547619047704

0.0,0.0,7,56.44841269841369

0.0,0.0,20,28.720833333334884

0.0,0.0,9,71.91111111111178

0.0,0.0,13,39.94401709401737

0.0,0.0,10,48.37972222222341

0.0,0.0,10,74.6100000000006

0.0,0.0,7,74.00476190476247

0.0,0.0,23,69.88622790253196

0.0,0.0,1,60.27777777777868

0.0,0.0,27,28.407510288067783

0.0,0.0,6,72.89351851851914

0.0,0.1,8,69.22604166666738

0.0,0.1,5,55.875000000001

0.0,0.1,24,25.87766203703846

0.0,0.1,4,94.06250000000014

0.0,0.1,17,64.95359477124325

0.0,0.1,13,51.62970085470191

0.0,0.1,6,46.1699074074081

0.0,0.1,5,76.75000000000053

0.0,0.1,4,62.34375000000085

0.0,0.1,2,82.32638888888928

0.0,0.1,44,20.771022727274374

0.0,0.1,14,46.39484126984256

0.0,0.1,5,78.04166666666717

0.0,0.1,8,62.66076388888974

0.0,0.1,6,63.784722222223046

0.0,0.1,17,30.86879084967474

0.0,0.1,9,68.15586419753159

0.0,0.1,14,66.73611111111187

0.0,0.1,19,37.67105263157995

0.0,0.1,34,30.643055555557112

0.0,0.2,9,56.6854938271617

0.0,0.2,11,45.32727272727397

0.0,0.2,6,50.206944444445526

0.0,0.2,7,71.1424603174607

0.0,0.2,4,70.79861111111177

0.0,0.2,18,30.99706790123632

0.0,0.2,5,93.5694444444446

0.0,0.2,14,39.92579365079498

0.0,0.2,10,63.68416666666754

0.0,0.2,15,71.15129629629695

0.0,0.2,46,12.34541062802101

0.0,0.2,14,51.55158730158819

0.0,0.2,6,73.02361111111172

0.0,0.2,7,52.06349206349314

0.0,0.2,11,70.0000000000007

0.0,0.2,13,75.76816239316312

0.0,0.2,10,53.0022222222225

0.0,0.2,24,28.192129629631157

0.0,0.2,9,62.02932098765518

0.0,0.2,8,52.85590277777885

0.0,0.3,14,45.8154761904774

0.0,0.3,7,63.50198412698496

0.0,0.3,10,44.35722222222206

0.0,0.3,15,45.186851851852936

0.0,0.3,9,67.53858024691432

0.0,0.3,11,54.26136363636467

0.0,0.3,7,72.91666666666728

0.0,0.3,8,69.36076388888955

0.0,0.3,34,25.78439542483804

0.0,0.3,29,21.625574712645367

0.0,0.3,5,67.37500000000074

0.0,0.3,8,68.68923611111182

0.0,0.3,7,65.8035714285722

0.0,0.3,7,59.13373015873106

0.0,0.3,4,62.864583333334174

0.0,0.3,20,27.8048611111127

0.0,0.3,13,34.53440170940319

0.0,0.3,10,75.70027777777833

0.0,0.3,6,63.680555555556374

0.0,0.3,4,58.61111111111205

0.0,0.4,7,66.80753968253914

0.0,0.4,15,58.86500000000093

0.0,0.4,4,70.72916666666734

0.0,0.4,27,36.727572016462354

0.0,0.4,7,69.92896825396893

0.0,0.4,16,59.51979166666744

0.0,0.4,11,62.01818181818267

0.0,0.4,16,22.45885416666666

0.0,0.4,10,76.85416666666721

0.0,0.4,34,31.134692513372034

0.0,0.4,2,91.45833333333353

0.0,0.4,5,88.29166666666694

0.0,0.4,7,73.0654761904768

0.0,0.4,8,68.61979166666738

0.0,0.4,28,24.680059523811163

0.0,0.4,8,81.69270833333374

0.0,0.4,19,32.933771929825994

0.0,0.4,5,71.06944444444511

0.0,0.4,11,55.001262626263674

0.0,0.4,9,64.55123456790203

0.0,0.5,8,63.32465277777861

0.0,0.5,10,59.714166666667595

0.0,0.5,7,52.38730158730237

0.0,0.5,35,25.060793650795205

0.0,0.5,19,49.09234143050172

0.0,0.5,4,67.47986111111183

0.0,0.5,5,73.0277777777784

0.0,0.5,13,52.47329059829167

0.0,0.5,6,76.51620370370425

0.0,0.5,5,78.62500000000048

0.0,0.5,14,50.97242063492173

0.0,0.5,5,64.09055555555634

0.0,0.5,21,16.9457671957684

0.0,0.5,33,26.626767676769173

0.0,0.5,23,36.15797101449421

0.0,0.5,20,29.089722222224758

0.0,0.5,29,25.267720306514903

0.0,0.5,8,62.261458333334204

0.0,0.5,7,61.121031746032635

0.0,0.5,4,68.38541666666738

0.0,0.6,21,28.469576719578214

0.0,0.6,19,36.10862573099549

0.0,0.6,9,76.63333333333384

0.0,0.6,13,45.15235042735169

0.0,0.6,29,16.54971264367966

0.0,0.6,8,69.21006944444515

0.0,0.6,9,67.89228395061802

0.0,0.6,30,31.722407407409477

0.0,0.6,4,51.64930555555665

0.0,0.6,7,67.33134920634996

0.0,0.6,22,31.189898989900303

0.0,0.6,8,58.663194444445374

0.0,0.6,7,51.677380952381576

0.0,0.6,7,73.73015873015933

0.0,0.6,26,26.699893162394442

0.0,0.6,8,75.616319444445

0.0,0.6,23,32.01014492753764

0.0,0.6,28,27.48412698412833

0.0,0.6,5,86.9861111111114

0.0,0.6,21,32.72156084656276

0.0,0.7,11,53.43434343434449

0.0,0.7,11,56.53207070707169

0.0,0.7,6,65.86805555555632

0.0,0.7,24,19.829282407408797

0.0,0.7,12,75.86712962963016

0.0,0.7,7,64.54563492063582

0.0,0.7,8,76.96180555555607

0.0,0.7,28,28.20099206349292

0.0,0.7,10,72.14944444444426

0.0,0.7,27,17.511728395063514

0.0,0.7,11,55.57449494949594

0.0,0.7,24,25.234953703704935

0.0,0.7,7,80.05952380952426

0.0,0.7,7,57.69841269841366

0.0,0.7,14,51.742857142857545

0.0,0.7,17,32.54820261438051

0.0,0.7,12,55.19097222222323

0.0,0.7,6,72.73055555555601

0.0,0.7,29,29.196168582376302

0.0,0.7,23,22.540579710146467

0.0,0.8,12,80.87962962963007

0.0,0.8,8,59.27951388888981

0.0,0.8,9,64.94598765432178

0.0,0.8,6,80.13888888888935

0.0,0.8,20,22.247361111112486

0.0,0.8,10,64.67166666666652

0.0,0.8,28,43.91001984127099

0.0,0.8,7,63.696825396825815

0.0,0.8,3,80.97222222222265

0.0,0.8,12,73.85995370370429

0.0,0.8,16,57.847569444444474

0.0,0.8,4,53.62847222222328

0.0,0.8,7,59.9753968253977

0.0,0.8,11,32.81641414141557

0.0,0.8,9,63.30123456790208

0.0,0.8,6,75.06944444444501

0.0,0.8,8,83.30729166666706

0.0,0.8,7,67.96468253968325

0.0,0.8,4,53.9763888888894

0.0,0.8,11,44.13661616161735

0.0,0.9,7,72.40079365079428

0.0,0.9,3,77.43055555555607

0.0,0.9,6,62.48472222222304

0.0,0.9,6,70.68287037037103

0.0,0.9,12,58.89722222222206

0.0,0.9,4,69.80902777777847

0.0,0.9,8,67.1718750000007

0.0,0.9,4,84.96527777777813

0.0,0.9,6,68.72685185185257

0.0,0.9,10,76.22222222222275

0.0,0.9,9,84.3518518518522

0.0,0.9,19,43.79985380117105

0.0,0.9,14,57.87480158730251

0.0,0.9,5,67.40277777777854

0.0,0.9,8,70.02604166666734

0.0,0.9,11,61.56565656565744

0.0,0.9,8,68.83541666666737

0.0,0.9,4,86.5451388888892

0.0,0.9,12,69.90740740740809

0.0,0.9,20,26.88902777777963

0.0,1.0,14,74.2956349206355

0.0,1.0,5,68.53722222222291

0.0,1.0,4,66.50208333333403

0.0,1.0,6,36.52222222222364

0.0,1.0,4,73.22916666666728

0.0,1.0,11,66.98232323232399

0.0,1.0,3,73.61111111111171

0.0,1.0,8,59.203472222222786

0.0,1.0,7,82.26865079365123

0.0,1.0,10,66.41111111111188

0.0,1.0,8,60.10381944444491

0.0,1.0,5,65.23611111111191

0.0,1.0,6,67.13564814814892

0.0,1.0,6,78.77314814814864

0.0,1.0,2,82.88194444444483

0.0,1.0,37,19.897072072073694

0.0,1.0,11,55.36641414141518

0.0,1.0,8,80.008680555556

0.0,1.0,10,61.80555555555643

0.0,1.0,28,27.70634920635078

0.1,0.0,21,37.9519841269854

0.1,0.0,15,75.527460317461

0.1,0.0,16,73.11168154761978

0.1,0.0,13,81.45299145299198

0.1,0.0,9,71.39537037037124

0.1,0.0,15,63.89259259259322

0.1,0.0,12,69.17721560846671

0.1,0.0,14,80.88333333333382

0.1,0.0,18,48.149382716050134

0.1,0.0,12,52.10046296296324

0.1,0.0,24,46.379398148149306

0.1,0.0,27,35.81913580246989

0.1,0.0,29,26.504597701151376

0.1,0.0,17,32.5038592859506

0.1,0.0,8,85.91145833333366

0.1,0.0,17,77.62651727357618

0.1,0.0,15,67.608518518519

0.1,0.0,33,30.19318181818328

0.1,0.0,13,65.06858974359052

0.1,0.0,9,89.08950617283975

0.1,0.0,13,72.2927960927967

0.1,0.1,9,83.45696649030039

0.1,0.1,11,78.4611111111113

0.1,0.1,10,62.30555555555641

0.1,0.1,9,68.21388888888958

0.1,0.1,12,78.3961309523814

0.1,0.1,13,50.69038461538598

0.1,0.1,14,78.92069160997792

0.1,0.1,9,78.84916225749612

0.1,0.1,10,86.10702380952422

0.1,0.1,15,69.18597883597975

0.1,0.1,10,72.89138888888948

0.1,0.1,11,65.8354256854261

0.1,0.1,31,36.60152329749238

0.1,0.1,10,72.58841269841358

0.1,0.1,14,72.57420634920685

0.1,0.1,12,77.63634259259318

0.1,0.1,14,63.677579365079076

0.1,0.1,11,54.4709595959606

0.1,0.1,11,82.25638528138586

0.1,0.1,25,41.195587301588596

0.1,0.2,19,67.41666666666728

0.1,0.2,8,84.51388888888924

0.1,0.2,21,57.604497354498086

0.1,0.2,11,83.96262626262677

0.1,0.2,18,56.900617283951334

0.1,0.2,19,72.11081871345061

0.1,0.2,24,57.70041035353605

0.1,0.2,8,90.11284722222244

0.1,0.2,13,45.9002136752148

0.1,0.2,18,69.28785273368685

0.1,0.2,9,73.27716049382826

0.1,0.2,12,85.77546296296327

0.1,0.2,10,90.89583333333354

0.1,0.2,21,56.967592592593746

0.1,0.2,18,63.27932098765515

0.1,0.2,17,73.73741830065411

0.1,0.2,10,80.46527777777823

0.1,0.2,33,48.989251489253455

0.1,0.2,10,83.2923015873022

0.1,0.2,9,71.0058641975315

0.1,0.3,14,62.83517573696241

0.1,0.3,11,70.30303030303095

0.1,0.3,10,78.04452380952445

0.1,0.3,9,89.38271604938308

0.1,0.3,12,76.22800925925976

0.1,0.3,32,36.95442708333487

0.1,0.3,41,39.601287262873804

0.1,0.3,16,68.06440972222303

0.1,0.3,32,38.666604662699804

0.1,0.3,16,64.76666666666681

0.1,0.3,11,78.44494949494997

0.1,0.3,12,76.78171296296357

0.1,0.3,27,38.41893004115356

0.1,0.3,14,69.00898526077175

0.1,0.3,13,77.86858974359023

0.1,0.3,13,68.09594017094084

0.1,0.3,10,65.31611111111098

0.1,0.3,11,84.89072871572908

0.1,0.3,12,76.65995370370422

0.1,0.3,24,33.103472222224326

0.1,0.4,14,71.13095238095305

0.1,0.4,14,61.283588435374575

0.1,0.4,26,36.94326923076959

0.1,0.4,11,92.32954545454562

0.1,0.4,12,77.05069444444493

0.1,0.4,12,70.40324074074154

0.1,0.4,9,92.21891534391568

0.1,0.4,10,90.99305555555576

0.1,0.4,13,52.82777777777888

0.1,0.4,21,49.71018518518626

0.1,0.4,15,71.49801587301663

0.1,0.4,9,71.15740740740807

0.1,0.4,14,87.98611111111138

0.1,0.4,13,82.84102564102628

0.1,0.4,19,54.261695906434085

0.1,0.4,9,72.46582892416306

0.1,0.4,15,80.44296296296339

0.1,0.4,17,58.83986928104659

0.1,0.4,15,77.5779629629636

0.1,0.4,18,85.94398148148181

0.1,0.5,12,84.30307539682589

0.1,0.5,29,41.538026819923964

0.1,0.5,13,73.65299145299232

0.1,0.5,11,69.50025252525322

0.1,0.5,13,79.3429487179494

0.1,0.5,27,33.43315696649168

0.1,0.5,13,88.71565934065974

0.1,0.5,12,70.75810185185252

0.1,0.5,11,69.70454545454609

0.1,0.5,14,82.40079365079417

0.1,0.5,43,32.31435954226791

0.1,0.5,39,21.98034188034323

0.1,0.5,8,75.85798611111164

0.1,0.5,13,67.36196581196602

0.1,0.5,16,65.15798611111195

0.1,0.5,18,50.327932098766524

0.1,0.5,15,78.46777777777825

0.1,0.5,13,71.63568376068443

0.1,0.5,13,67.0354700854708

0.1,0.5,24,52.37638888888993

0.1,0.6,19,71.55467836257372

0.1,0.6,14,63.26884920635016

0.1,0.6,21,51.90489417989534

0.1,0.6,7,80.75396825396868

0.1,0.6,17,61.67418300653682

0.1,0.6,14,82.08273809523847

0.1,0.6,15,74.309444444445

0.1,0.6,12,82.59444444444503

0.1,0.6,9,66.08024691358102

0.1,0.6,25,23.544555555556826

0.1,0.6,12,78.54629629629741

0.1,0.6,6,66.87500000000075

0.1,0.6,25,39.246888888889956

0.1,0.6,35,20.771984126985764

0.1,0.6,14,81.98869047619063

0.1,0.6,17,81.71977124183053

0.1,0.6,11,74.5179292929298

0.1,0.6,17,81.20098039215729

0.1,0.6,12,68.24960317460403

0.1,0.6,16,54.195312500001194

0.1,0.7,15,61.46746031746123

0.1,0.7,11,51.77196969697077

0.1,0.7,10,88.67944444444468

0.1,0.7,13,67.1919413919438

0.1,0.7,10,76.9280555555561

0.1,0.7,31,36.937058371736775

0.1,0.7,9,84.08179012345732

0.1,0.7,11,63.50739538239636

0.1,0.7,24,45.761226851853245

0.1,0.7,14,72.14980158730219

0.1,0.7,25,49.69022222222305

0.1,0.7,14,69.5017857142857

0.1,0.7,15,61.537037037037834

0.1,0.7,16,73.18298611111057

0.1,0.7,22,40.51275252525361

0.1,0.7,11,75.81396103896174

0.1,0.7,32,40.42348838601625

0.1,0.7,13,68.2290598290607

0.1,0.7,12,77.64745370370404

0.1,0.7,12,52.60902777777884

0.1,0.8,8,87.07291666666794

0.1,0.8,27,29.49259259259399

0.1,0.8,18,71.64464285714332

0.1,0.8,13,79.51694139194198

0.1,0.8,16,62.70920138888972

0.1,0.8,10,81.94333333333374

0.1,0.8,25,50.67988888888989

0.1,0.8,42,34.528703703705446

0.1,0.8,9,94.64506172839518

0.1,0.8,20,54.76500000000094

0.1,0.8,20,54.038888888889666

0.1,0.8,12,62.85052910052992

0.1,0.8,10,77.86111111111161

0.1,0.8,7,96.31944444444454

0.1,0.8,15,70.10338624338709

0.1,0.8,12,87.74884259259285

0.1,0.8,18,57.53750000000103

0.1,0.8,30,37.49361111111245

0.1,0.8,13,83.63018925518976

0.1,0.8,11,76.19444444444498

0.1,0.9,29,35.03563218390943

0.1,0.9,27,28.52541152263453

0.1,0.9,19,59.88450292397752

0.1,0.9,14,51.61408730158821

0.1,0.9,10,85.99083333333377

0.1,0.9,14,66.84523809523884

0.1,0.9,11,82.43838383838438

0.1,0.9,19,49.70160818713544

0.1,0.9,11,81.09116161616204

0.1,0.9,10,82.79305555555607

0.1,0.9,10,91.44146825396862

0.1,0.9,26,43.98119658119776

0.1,0.9,16,77.37869543650888

0.1,0.9,15,56.870740740741276

0.1,0.9,15,81.45833333333385

0.1,0.9,16,73.83541666666693

0.1,0.9,10,58.50694444444539

0.1,0.9,14,84.44940476190514

0.1,0.9,11,79.24772727272776

0.1,0.9,16,76.5668402777784

0.1,1.0,14,76.14087301587374

0.1,1.0,14,69.357738095239

0.1,1.0,15,49.09111111111103

0.1,1.0,19,35.18581871345176

0.1,1.0,10,75.46527777777833

0.1,1.0,43,31.360677371725473

0.1,1.0,10,76.9444444444451

0.1,1.0,19,62.56754385964994

0.1,1.0,11,55.72045454545609

0.1,1.0,14,74.87857142857203

0.1,1.0,20,46.221666666667815

0.1,1.0,9,79.21058201058229

0.1,1.0,14,63.34642857142969

0.1,1.0,25,44.1697777777796

0.1,1.0,12,82.20486111111151

0.1,1.0,15,74.73148148148206

0.1,1.0,25,40.195222222223485

0.1,1.0,10,82.61083333333374

0.1,1.0,23,42.674154589373316

0.1,1.0,17,30.252614379086452

0.2,0.0,33,55.249035139945974

0.2,0.0,18,73.39645061728471

0.2,0.0,18,76.6206790123463

0.2,0.0,20,86.86434829059885

0.2,0.0,20,74.75726010101076

0.2,0.0,17,73.90864527629287

0.2,0.0,32,49.935138039045725

0.2,0.0,27,59.05745376023256

0.2,0.0,23,57.91638120333881

0.2,0.0,24,65.00860794801099

0.2,0.0,26,59.532692307693196

0.2,0.0,17,75.88692810457555

0.2,0.0,18,67.86501122334535

0.2,0.0,16,77.58835227272785

0.2,0.0,22,74.18586955973356

0.2,0.0,13,87.05128205128236

0.2,0.0,12,64.38657407407582

0.2,0.0,13,90.6094599844604

0.2,0.0,18,71.82957351290783

0.2,0.0,22,73.2188519813527

0.2,0.1,17,85.42357968828607

0.2,0.1,18,80.52910191660257

0.2,0.1,20,69.44017857142923

0.2,0.1,21,74.70999912785707

0.2,0.1,19,76.87145237803266

0.2,0.1,27,53.2489711934164

0.2,0.1,14,88.65833333333363

0.2,0.1,16,79.09310290404096

0.2,0.1,19,79.18189383715757

0.2,0.1,19,84.83496401259616

0.2,0.1,19,79.34638680033486

0.2,0.1,18,66.58055555555637

0.2,0.1,16,90.17282127594662

0.2,0.1,19,80.55327055985055

0.2,0.1,14,88.55925324675356

0.2,0.1,19,76.89026894158538

0.2,0.1,17,74.22663398692882

0.2,0.1,17,84.95915032679774

0.2,0.1,20,68.9771474358983

0.2,0.1,19,80.78934179855298

0.2,0.2,17,87.10312971342427

0.2,0.2,25,82.20384615384651

0.2,0.2,18,74.17671263921316

0.2,0.2,22,69.46226689976753

0.2,0.2,19,87.55145380934898

0.2,0.2,27,59.01707243374012

0.2,0.2,15,84.29220779220832

0.2,0.2,17,60.85494652406474

0.2,0.2,17,76.85680332739214

0.2,0.2,13,94.31623931623943

0.2,0.2,17,82.44274189862502

0.2,0.2,17,84.36366607248999

0.2,0.2,14,84.98602092352168

0.2,0.2,19,66.094391281234

0.2,0.2,19,85.87606837606884

0.2,0.2,21,78.1460520960531

0.2,0.2,16,89.05555555555601

0.2,0.2,18,72.82617845117912

0.2,0.2,18,67.10648148148226

0.2,0.2,18,81.93996913580298

0.2,0.3,33,54.20413660413746

0.2,0.3,21,81.95652072794988

0.2,0.3,23,66.9299449342936

0.2,0.3,13,69.16260683760827

0.2,0.3,17,85.65228758169971

0.2,0.3,32,49.67421875000071

0.2,0.3,19,58.977139819246005

0.2,0.3,21,72.04695767195831

0.2,0.3,14,90.37247474747514

0.2,0.3,18,84.20826858326923

0.2,0.3,15,88.63425925925952

0.2,0.3,24,64.94236111111195

0.2,0.3,21,72.7369815369824

0.2,0.3,35,35.7086630036644

0.2,0.3,22,63.91729797979885

0.2,0.3,18,87.81398709315417

0.2,0.3,22,73.35683760683818

0.2,0.3,15,72.62993265993344

0.2,0.3,37,34.675320775321694

0.2,0.3,17,91.57679738562122

0.2,0.4,20,84.0859505772012

0.2,0.4,17,80.91726084373204

0.2,0.4,26,55.54323038073141

0.2,0.4,29,34.47289272030826

0.2,0.4,19,82.59019489282701

0.2,0.4,26,42.509508547009744

0.2,0.4,17,68.38667672197177

0.2,0.4,39,51.825224632918

0.2,0.4,23,63.085515088775864

0.2,0.4,14,70.238546176047

0.2,0.4,14,60.09603174603269

0.2,0.4,18,78.56892212725619

0.2,0.4,24,52.07468434343551

0.2,0.4,15,81.34230121730184

0.2,0.4,15,85.46653198653253

0.2,0.4,14,89.88809523809593

0.2,0.4,21,72.71553724053808

0.2,0.4,30,54.655106837608514

0.2,0.4,22,72.1889886628529

0.2,0.4,19,78.04225146198881

0.2,0.5,12,47.6874158249171

0.2,0.5,19,92.89473684210543

0.2,0.5,16,78.22324810606132

0.2,0.5,17,78.37338935574297

0.2,0.5,15,87.48148148148177

0.2,0.5,22,100.61061564697998

0.2,0.5,12,83.34490740740965

0.2,0.5,14,74.97023809523874

0.2,0.5,16,59.085763888889815

0.2,0.5,12,87.78000841750877

0.2,0.5,15,81.57730769230903

0.2,0.5,15,80.60227272727336

0.2,0.5,18,79.23937559354282

0.2,0.5,26,51.632905982907005

0.2,0.5,16,87.78448547979836

0.2,0.5,20,75.73670454545537

0.2,0.5,25,81.23846153846199

0.2,0.5,19,85.80922001974685

0.2,0.5,44,43.73787185037301

0.2,0.5,18,86.13031474698195

0.2,0.6,15,80.2092100492108

0.2,0.6,19,68.98853003721513

0.2,0.6,17,87.50801894184295

0.2,0.6,14,88.4168650793654

0.2,0.6,17,72.34383541295351

0.2,0.6,18,77.76059203142609

0.2,0.6,14,85.16897546897613

0.2,0.6,23,52.65127360562266

0.2,0.6,22,68.29639085661766

0.2,0.6,31,53.8162430759217

0.2,0.6,28,44.94545177045295

0.2,0.6,20,78.95833333333364

0.2,0.6,16,78.491256313132

0.2,0.6,18,76.21321548821587

0.2,0.6,29,48.57890509873355

0.2,0.6,16,88.5256313131318

0.2,0.6,17,79.63903743315575

0.2,0.6,21,86.70733618233662

0.2,0.6,15,68.68699818699902

0.2,0.6,26,61.325388500389515

0.2,0.7,17,75.53593857123352

0.2,0.7,22,70.89444444444467

0.2,0.7,20,77.87003968253994

0.2,0.7,19,77.21108044002892

0.2,0.7,20,83.66471445221485

0.2,0.7,15,86.98326210826264

0.2,0.7,17,77.86058663558667

0.2,0.7,16,71.65913825757653

0.2,0.7,14,59.382665945167005

0.2,0.7,18,69.51015281015367

0.2,0.7,20,77.22170454545511

0.2,0.7,22,54.66237373737469

0.2,0.7,20,83.1651602564107

0.2,0.7,31,30.337243401761132

0.2,0.7,21,64.31018518518593

0.2,0.7,19,74.81285731812122

0.2,0.7,21,72.47323232323288

0.2,0.7,20,65.11707070707145

0.2,0.7,17,84.37537707390715

0.2,0.7,17,82.35488710635832

0.2,0.8,18,83.2342506259177

0.2,0.8,19,65.50369484316968

0.2,0.8,21,87.46541950113517

0.2,0.8,14,69.5159992785

0.2,0.8,23,68.64514374514441

0.2,0.8,18,79.13353712564336

0.2,0.8,24,60.5925925925937

0.2,0.8,15,82.7296801346808

0.2,0.8,30,46.32570707070826

0.2,0.8,28,51.95045995671108

0.2,0.8,22,72.84971959858404

0.2,0.8,13,88.11794871794903

0.2,0.8,27,64.95895061728488

0.2,0.8,26,56.1428747534524

0.2,0.8,19,79.35525497893977

0.2,0.8,16,78.783333333334

0.2,0.8,19,74.70751850488814

0.2,0.8,40,41.66940552503202

0.2,0.8,17,82.34600987248116

0.2,0.8,18,83.9399842441516

0.2,0.9,12,90.99010942760981

0.2,0.9,16,83.84440802253346

0.2,0.9,17,91.66703802733245

0.2,0.9,14,88.70806277056306

0.2,0.9,23,69.29939613526624

0.2,0.9,21,82.95027459313208

0.2,0.9,16,91.43844436813221

0.2,0.9,16,85.95484532828331

0.2,0.9,36,44.79145807895946

0.2,0.9,21,79.52878074306695

0.2,0.9,16,83.1972064393945

0.2,0.9,28,60.19068986569077

0.2,0.9,20,67.31842171717219

0.2,0.9,15,81.05597643097695

0.2,0.9,27,53.037102506547576

0.2,0.9,39,40.3855413105427

0.2,0.9,20,91.37297771672806

0.2,0.9,21,71.33465608465666

0.2,0.9,14,67.79603174603254

0.2,0.9,14,79.04613997114075

0.2,1.0,13,79.47855477855532

0.2,1.0,34,50.29103773485553

0.2,1.0,17,76.79552881758823

0.2,1.0,18,80.10850276267014

0.2,1.0,20,76.59923076923153

0.2,1.0,21,59.0410413660416

0.2,1.0,15,88.60690235690275

0.2,1.0,17,83.09986173956807

0.2,1.0,17,83.00887021475302

0.2,1.0,15,48.146880341882124

0.2,1.0,14,90.40119047619082

0.2,1.0,36,53.29950897867614

0.2,1.0,20,75.40619949495019

0.2,1.0,27,61.443328584996785

0.2,1.0,20,73.474244227995

0.2,1.0,38,42.27448830409478

0.2,1.0,16,81.30734508547063

0.2,1.0,15,93.32671957671982

0.2,1.0,19,86.72385290148497

0.2,1.0,20,77.3201602564109

0.3,0.0,30,49.99694444444672

0.3,0.0,42,42.49601229380763

0.3,0.0,23,79.3300369423138

0.3,0.0,22,70.72717617350051

0.3,0.0,27,77.52231905107796

0.3,0.0,23,82.33190537084452

0.3,0.0,29,65.12743971151757

0.3,0.0,21,78.93207282913228

0.3,0.0,25,54.294692810458

0.3,0.0,30,60.442331154685306

0.3,0.0,20,92.30384803921586

0.3,0.0,25,79.53639146886891

0.3,0.0,31,60.54265232974995

0.3,0.0,22,60.391161616162684

0.3,0.0,31,52.932168458782314

0.3,0.0,19,88.5136308909532

0.3,0.0,33,48.10860566448944

0.3,0.0,26,61.573422574158755

0.3,0.0,20,84.01888888888978

0.3,0.0,21,79.21418456271451

0.3,0.1,23,56.80966183575028

0.3,0.1,19,87.30109219126297

0.3,0.1,22,64.64829174093971

0.3,0.1,19,79.22536119711107

0.3,0.1,24,71.38336056644953

0.3,0.1,20,80.16509803921596

0.3,0.1,25,77.34865359477233

0.3,0.1,24,80.90444078947424

0.3,0.1,26,79.27375730994218

0.3,0.1,42,50.93583939423819

0.3,0.1,18,64.0159313725499

0.3,0.1,22,83.43682881446081

0.3,0.1,31,55.4693503207746

0.3,0.1,29,65.99896326346742

0.3,0.1,28,68.27100041771163

0.3,0.1,27,78.61124361375545

0.3,0.1,39,58.197759607667834

0.3,0.1,27,61.939167271847936

0.3,0.1,19,92.42440660474749

0.3,0.1,20,76.86850490196193

0.3,0.2,21,73.83214285714348

0.3,0.2,21,84.61914508493503

0.3,0.2,18,75.0405864197538

0.3,0.2,22,80.60655822935298

0.3,0.2,21,84.53567538126414

0.3,0.2,32,68.13480902777853

0.3,0.2,20,83.18517156862706

0.3,0.2,22,75.47613636363698

0.3,0.2,31,65.12107843137339

0.3,0.2,19,79.84644822841474

0.3,0.2,24,81.61348039215731

0.3,0.2,24,86.27056781045773

0.3,0.2,19,82.49404024767851

0.3,0.2,32,71.11639328808535

0.3,0.2,25,83.47195837633372

0.3,0.2,24,81.64854983660196

0.3,0.2,28,70.06989667079056

0.3,0.2,28,61.96350957049553

0.3,0.2,26,78.55039592760245

0.3,0.2,23,84.94214975845448

0.3,0.3,19,89.4811747506023

0.3,0.3,36,49.19843242365288

0.3,0.3,22,89.57404931669667

0.3,0.3,21,75.17314814814871

0.3,0.3,23,81.03963483944376

0.3,0.3,24,77.5321691176475

0.3,0.3,23,64.5841432225071

0.3,0.3,18,76.75293209876602

0.3,0.3,20,86.9309640522881

0.3,0.3,23,86.57560386473462

0.3,0.3,21,93.73852318705288

0.3,0.3,20,87.60933006535981

0.3,0.3,19,91.38138974888227

0.3,0.3,21,68.06563958916976

0.3,0.3,18,83.2949074074096

0.3,0.3,34,58.56196655132712

0.3,0.3,39,50.45363247863362

0.3,0.3,28,70.68221288515478

0.3,0.3,25,73.41613778653462

0.3,0.3,33,68.77744377824658

0.3,0.4,21,81.22545907251808

0.3,0.4,20,81.65416666666717

0.3,0.4,19,97.58764189886489

0.3,0.4,36,52.308560275963345

0.3,0.4,25,81.843228070176

0.3,0.4,20,87.95897875817009

0.3,0.4,31,77.0143247112098

0.3,0.4,21,75.79457671957742

0.3,0.4,20,85.52267156862796

0.3,0.4,26,75.86741452991495

0.3,0.4,20,68.6469689542487

0.3,0.4,24,78.15963908955456

0.3,0.4,44,35.78721405228892

0.3,0.4,26,78.12337097457163

0.3,0.4,28,78.14703774131578

0.3,0.4,26,68.0602249874316

0.3,0.4,21,81.65079365079417

0.3,0.4,24,73.26366349902632

0.3,0.4,23,80.35295538505314

0.3,0.4,40,52.80931996044141

0.3,0.5,21,76.11458138811167

0.3,0.5,23,78.94685279909133

0.3,0.5,24,78.96535947712484

0.3,0.5,25,86.16385380117009

0.3,0.5,21,80.24589169000994

0.3,0.5,27,74.96798755239674

0.3,0.5,23,88.33802403493847

0.3,0.5,28,73.4690709617188

0.3,0.5,21,75.31881050665915

0.3,0.5,36,51.85672657952231

0.3,0.5,23,75.61575731742046

0.3,0.5,24,76.48390522875887

0.3,0.5,23,75.67263427110058

0.3,0.5,21,69.52916277622238

0.3,0.5,18,78.4472585330435

0.3,0.5,19,86.06725146198875

0.3,0.5,22,81.00444147355982

0.3,0.5,22,73.62297979798039

0.3,0.5,20,66.15829248366109

0.3,0.5,17,29.389379084969576

0.3,0.6,29,52.74434865900487

0.3,0.6,29,60.20974698409424

0.3,0.6,31,74.03418195235156

0.3,0.6,45,50.81066907464849

0.3,0.6,21,83.13141145347086

0.3,0.6,25,76.99396732026199

0.3,0.6,24,72.8030637254911

0.3,0.6,29,66.62410975884679

0.3,0.6,42,57.284889101840776

0.3,0.6,31,69.62189681192316

0.3,0.6,25,75.41224836601363

0.3,0.6,25,71.09947058823595

0.3,0.6,21,91.79080298786218

0.3,0.6,17,58.7081699346427

0.3,0.6,28,59.935165732960904

0.3,0.6,35,56.42596638655572

0.3,0.6,29,68.13726557773938

0.3,0.6,27,69.19924957637461

0.3,0.6,22,81.69727421271621

0.3,0.6,24,73.7827180799227

0.3,0.7,17,52.986111111112194

0.3,0.7,24,78.56052559912904

0.3,0.7,22,77.80504307783734

0.3,0.7,21,69.07248677248742

0.3,0.7,24,67.38935185185305

0.3,0.7,19,87.20723254214016

0.3,0.7,22,75.99015151515215

0.3,0.7,29,61.23042952208195

0.3,0.7,25,73.78844444444528

0.3,0.7,23,71.50110826939569

0.3,0.7,19,84.84283625731041

0.3,0.7,24,75.34038671024024

0.3,0.7,25,77.46991503268043

0.3,0.7,18,82.8827160493851

0.3,0.7,22,71.70899435531858

0.3,0.7,22,85.30400326797465

0.3,0.7,22,81.15548871063639

0.3,0.7,18,87.85091684822126

0.3,0.7,21,80.0862044817932

0.3,0.7,23,65.07149758454231

0.3,0.8,23,79.16228331912471

0.3,0.8,24,80.53323120915101

0.3,0.8,22,94.27603980986345

0.3,0.8,24,86.20536922371322

0.3,0.8,27,70.66273012778969

0.3,0.8,21,76.99860722066683

0.3,0.8,20,69.20230607155223

0.3,0.8,22,75.16180184194974

0.3,0.8,21,83.06512809802338

0.3,0.8,20,79.54861111111157

0.3,0.8,29,63.77968785215322

0.3,0.8,19,84.06008771929864

0.3,0.8,29,53.150811359027614

0.3,0.8,21,80.00085589791533

0.3,0.8,24,84.35370370370407

0.3,0.8,24,75.19443763616668

0.3,0.8,21,55.105820105821195

0.3,0.8,22,78.20873831191267

0.3,0.8,21,80.45634920634976

0.3,0.8,39,47.44746941511754

0.3,0.9,26,73.75341880341924

0.3,0.9,21,68.88944133208918

0.3,0.9,22,83.3766265597152

0.3,0.9,36,61.753556788213196

0.3,0.9,23,86.84004875787119

0.3,0.9,21,74.51335978836043

0.3,0.9,23,80.76086956521799

0.3,0.9,26,69.05762483130987

0.3,0.9,31,50.919128188911024

0.3,0.9,28,71.75867763772241

0.3,0.9,32,59.585610702615575

0.3,0.9,23,80.6167235009952

0.3,0.9,30,70.14460239651474

0.3,0.9,20,85.20179738562143

0.3,0.9,27,85.55351418670196

0.3,0.9,46,41.3846582836044

0.3,0.9,22,81.7025252525258

0.3,0.9,20,84.2933333333337

0.3,0.9,26,77.07578722447197

0.3,0.9,28,70.43594924812108

0.3,1.0,34,46.575898692811585

0.3,1.0,22,73.33319964349454

0.3,1.0,22,66.55359477124273

0.3,1.0,27,67.3163822319057

0.3,1.0,22,68.04889334521768

0.3,1.0,21,89.31732804232846

0.3,1.0,22,75.77828282828358

0.3,1.0,23,82.24833049161747

0.3,1.0,37,51.954954954956

0.3,1.0,23,71.32415384155227

0.3,1.0,19,83.6987530099766

0.3,1.0,25,80.85490196078506

0.3,1.0,44,33.66893939394076

0.3,1.0,38,53.388594454403375

0.3,1.0,20,92.11385233918162

0.3,1.0,28,61.723926237162445

0.3,1.0,23,80.34181585677803

0.3,1.0,34,57.43099187559559

0.3,1.0,23,70.87696078431445

0.3,1.0,23,74.73695652174005

0.4,0.0,28,61.820838991065095

0.4,0.0,37,68.03096543748782

0.4,0.0,37,54.19499336999438

0.4,0.0,25,68.23485482150785

0.4,0.0,25,86.97115452663327

0.4,0.0,41,62.724416946315955

0.4,0.0,26,74.66095987346051

0.4,0.0,33,65.92363656326182

0.4,0.0,25,79.9820000000022

0.4,0.0,34,70.91832321202546

0.4,0.0,29,85.63413515103971

0.4,0.0,30,71.82407752473048

0.4,0.0,39,55.402631788502255

0.4,0.0,48,53.50693219069705

0.4,0.0,37,68.14518417344593

0.4,0.0,32,56.93568948412797

0.4,0.0,36,61.815955883891206

0.4,0.0,27,86.41844021071114

0.4,0.0,26,77.69008865530665

0.4,0.0,24,54.572858044734204

0.4,0.1,27,84.39498928786426

0.4,0.1,31,80.4644700359642

0.4,0.1,28,81.11936030670553

0.4,0.1,32,81.3459582235403

0.4,0.1,45,54.3740364654143

0.4,0.1,26,60.81135446679025

0.4,0.1,29,79.32179316186136

0.4,0.1,26,61.446968852404595

0.4,0.1,35,65.21001546073062

0.4,0.1,24,79.40836940836999

0.4,0.1,30,64.6116726791735

0.4,0.1,27,79.96748006868846

0.4,0.1,25,77.13897402597476

0.4,0.1,29,81.35195373092745

0.4,0.1,27,64.38641841697495

0.4,0.1,25,64.1915113871649

0.4,0.1,29,78.50362578451097

0.4,0.1,36,67.08166155168021

0.4,0.1,23,65.21992753623412

0.4,0.1,25,72.96256709956776

0.4,0.2,25,80.23052481335134

0.4,0.2,34,72.45066840306666

0.4,0.2,29,88.89538125958718

0.4,0.2,28,86.68232244808371

0.4,0.2,25,82.76888023088075

0.4,0.2,28,77.68586245104166

0.4,0.2,42,62.254118566619546

0.4,0.2,25,82.00521645021684

0.4,0.2,35,70.10800265297253

0.4,0.2,22,42.86148989899172

0.4,0.2,27,82.44717237941924

0.4,0.2,27,80.9837502004175

0.4,0.2,35,57.68530303030376

0.4,0.2,31,60.22170669832059

0.4,0.2,23,75.22629399585999

0.4,0.2,35,64.70090156220675

0.4,0.2,24,84.95300925925896

0.4,0.2,32,71.61563627344968

0.4,0.2,25,71.72774170274239

0.4,0.2,34,63.78861938714978

0.4,0.3,27,69.1751938524893

0.4,0.3,26,61.56350732600876

0.4,0.3,23,86.86425120773171

0.4,0.3,36,61.843783068783836

0.4,0.3,27,75.52172443319897

0.4,0.3,30,77.60541277160875

0.4,0.3,38,32.30423976608387

0.4,0.3,34,69.52703270372791

0.4,0.3,25,67.98210966811058

0.4,0.3,29,61.02523884161908

0.4,0.3,45,47.39167956305755

0.4,0.3,28,80.65937200308382

0.4,0.3,31,87.23185623010316

0.4,0.3,43,74.5382505147935

0.4,0.3,29,88.48220754341482

0.4,0.3,27,72.19315201706583

0.4,0.3,26,81.7779951932128

0.4,0.3,25,76.25774082439371

0.4,0.3,26,75.22243752624237

0.4,0.3,28,68.825051143647

0.4,0.4,34,68.34760225565942

0.4,0.4,26,84.01518204018242

0.4,0.4,26,77.67416333666394

0.4,0.4,31,80.82602335719501

0.4,0.4,26,87.20227839793097

0.4,0.4,29,75.66877540666955

0.4,0.4,25,82.79954689754773

0.4,0.4,27,44.78537224092902

0.4,0.4,30,69.47542087542163

0.4,0.4,25,86.14099579647451

0.4,0.4,26,72.22572011322055

0.4,0.4,31,80.57333518515233

0.4,0.4,44,54.32926455406786

0.4,0.4,28,80.28461270872072

0.4,0.4,30,72.2172378547386

0.4,0.4,27,83.777604199344

0.4,0.4,29,75.43132865385554

0.4,0.4,26,78.13743364123864

0.4,0.4,23,88.37854476441474

0.4,0.4,30,72.25352981157413

0.4,0.5,30,82.07346524248759

0.4,0.5,25,73.5879509379517

0.4,0.5,29,78.72462480880841

0.4,0.5,27,84.89401927022803

0.4,0.5,34,53.450108963217524

0.4,0.5,28,81.58291432515094

0.4,0.5,25,87.90719148001783

0.4,0.5,29,76.91373474518254

0.4,0.5,24,75.97855038480049

0.4,0.5,25,77.42383982684026

0.4,0.5,28,72.00817614924837

0.4,0.5,30,72.1176972101979

0.4,0.5,49,43.65390861972619

0.4,0.5,23,65.16775362319072

0.4,0.5,24,82.88290945166041

0.4,0.5,24,83.8469026444575

0.4,0.5,24,62.0413089225599

0.4,0.5,23,64.94601449275599

0.4,0.5,30,81.48861879666288

0.4,0.5,26,79.90408281332226

0.4,0.6,24,82.35254629629762

0.4,0.6,27,86.84954996247315

0.4,0.6,36,52.10380291005402

0.4,0.6,25,82.06322077922134

0.4,0.6,26,82.53734067864563

0.4,0.6,27,81.05489696830342

0.4,0.6,25,79.68400169395882

0.4,0.6,28,74.45188643309812

0.4,0.6,30,71.05172459585579

0.4,0.6,25,85.0380591630596

0.4,0.6,25,79.8793574251841

0.4,0.6,38,61.22744245330138

0.4,0.6,27,81.89291070353944

0.4,0.6,26,85.97870209500701

0.4,0.6,27,75.44837395115177

0.4,0.6,27,73.47153412431248

0.4,0.6,28,78.8893658187915

0.4,0.6,30,82.48475489888601

0.4,0.6,28,73.29107064433232

0.4,0.6,25,84.92346132128779

0.4,0.7,29,77.09104078912989

0.4,0.7,36,56.64124147792727

0.4,0.7,26,74.10630203130277

0.4,0.7,28,81.93202354064219

0.4,0.7,29,76.88450601539124

0.4,0.7,27,79.97591750260897

0.4,0.7,24,66.72747081320534

0.4,0.7,40,58.873167466592136

0.4,0.7,29,85.02235392044308

0.4,0.7,29,83.15577968591467

0.4,0.7,31,72.18363787140152

0.4,0.7,25,92.1017231946802

0.4,0.7,50,46.80989855072575

0.4,0.7,27,81.20440835779054

0.4,0.7,27,85.94434075050002

0.4,0.7,37,65.64433982260157

0.4,0.7,29,84.71501538191995

0.4,0.7,36,69.54385421677222

0.4,0.7,28,88.57832198426186

0.4,0.7,31,77.1350742447523

0.4,0.8,28,74.77889414329705

0.4,0.8,36,82.76422737555056

0.4,0.8,32,79.9506201377129

0.4,0.8,28,75.6983394840156

0.4,0.8,26,69.89268370518451

0.4,0.8,36,67.38195446528825

0.4,0.8,26,79.42835636585708

0.4,0.8,23,71.41372419850728

0.4,0.8,23,85.7678916494138

0.4,0.8,30,79.94548047765507

0.4,0.8,48,48.46603669327964

0.4,0.8,25,75.24030604178489

0.4,0.8,27,72.1299770188666

0.4,0.8,30,82.74663383315614

0.4,0.8,28,85.0039336913954

0.4,0.8,28,62.91387471655498

0.4,0.8,23,89.10616630796247

0.4,0.8,27,59.73228820294148

0.4,0.8,46,45.240329060249735

0.4,0.8,23,52.50042192107525

0.4,0.9,26,82.36519175269223

0.4,0.9,29,84.4367174096939

0.4,0.9,32,66.1715119949506

0.4,0.9,25,84.75102409185071

0.4,0.9,39,61.39648933996841

0.4,0.9,36,83.56103696692504

0.4,0.9,25,79.63255223037886

0.4,0.9,22,45.46085858586084

0.4,0.9,39,62.84665704665799

0.4,0.9,26,86.73799533799563

0.4,0.9,24,83.8925339706599

0.4,0.9,27,79.02081151984605

0.4,0.9,32,79.19132612179536

0.4,0.9,21,23.805687830690093

0.4,0.9,29,82.54129655951267

0.4,0.9,27,53.542171717172906

0.4,0.9,30,82.35534652947766

0.4,0.9,30,73.5231506577167

0.4,0.9,31,81.52406144190948

0.4,0.9,26,84.57459786590272

0.4,1.0,23,68.31262939958809

0.4,1.0,31,68.01804915514644

0.4,1.0,32,41.1703993055569

0.4,1.0,32,69.05674387508701

0.4,1.0,28,78.5641633168425

0.4,1.0,26,70.91075741891164

0.4,1.0,26,72.07944470988016

0.4,1.0,39,50.50414159109921

0.4,1.0,24,87.96225499038037

0.4,1.0,30,80.70934761695689

0.4,1.0,29,89.39651289074126

0.4,1.0,25,74.57952236652301

0.4,1.0,25,79.92833333333384

0.4,1.0,23,85.15131909153695

0.4,1.0,28,83.2357616762126

0.4,1.0,24,45.96886574074288

0.4,1.0,26,84.10401265401319

0.4,1.0,32,79.8438005570825

0.4,1.0,30,81.8717484367491

0.4,1.0,25,88.94529637994918

0.5,0.0,39,68.39817554240695

0.5,0.0,31,63.99283154122067

0.5,0.0,47,52.222417712312534

0.5,0.0,37,62.81218613060847

0.5,0.0,33,86.30779405779455

0.5,0.0,50,49.93400000000222

0.5,0.0,29,81.15133748754488

0.5,0.0,37,79.16916580278689

0.5,0.0,35,76.94087128161148

0.5,0.0,35,76.77129048200543

0.5,0.0,45,56.84529688418695

0.5,0.0,34,76.05508279940398

0.5,0.0,35,76.96162509448311

0.5,0.0,35,77.26225704297353

0.5,0.0,29,91.26531514462586

0.5,0.0,28,53.57886904762127

0.5,0.0,34,75.99040346908038

0.5,0.0,32,75.66450892857212

0.5,0.0,30,82.79259259259456

0.5,0.0,37,75.71266431266494

0.5,0.1,30,88.83911036494399

0.5,0.1,29,72.6459352588674

0.5,0.1,36,84.00518587326577

0.5,0.1,50,61.86720105820191

0.5,0.1,33,78.42655955155999

0.5,0.1,39,74.73709547812196

0.5,0.1,30,84.06154253154288

0.5,0.1,37,79.09212461798766

0.5,0.1,36,80.33856627089456

0.5,0.1,35,73.74129264829776

0.5,0.1,34,53.17933006536123

0.5,0.1,34,52.30199430199539

0.5,0.1,34,84.98401975105138

0.5,0.1,30,84.62007359924071

0.5,0.1,41,69.29617244437982

0.5,0.1,38,78.24691262307022

0.5,0.1,30,90.69470729887436

0.5,0.1,30,77.05834757834809

0.5,0.1,31,79.23306846616138

0.5,0.1,31,91.39179565953789

0.5,0.2,33,81.47297288705401

0.5,0.2,37,77.79347707882266

0.5,0.2,33,77.79520695354078

0.5,0.2,28,53.48779761904999

0.5,0.2,43,60.10265851719434

0.5,0.2,33,77.59473797807193

0.5,0.2,31,88.01758931033197

0.5,0.2,38,76.16480035559057

0.5,0.2,27,55.56327160494055

0.5,0.2,31,74.81467499048213

0.5,0.2,46,55.99682971395967

0.5,0.2,40,72.9044168491159

0.5,0.2,33,75.54865775986529

0.5,0.2,34,98.62348872204414

0.5,0.2,32,74.54261675824239

0.5,0.2,43,57.4197343139213

0.5,0.2,44,65.69455325964026

0.5,0.2,38,73.4159986153868

0.5,0.2,31,82.80554642948208

0.5,0.2,33,80.4801389968062

0.5,0.3,30,81.91472934473056

0.5,0.3,32,76.49692396723715

0.5,0.3,30,88.85451092117796

0.5,0.3,37,72.42627930128

0.5,0.3,30,81.2808547008554

0.5,0.3,36,80.3534004318737

0.5,0.3,30,90.88974257224284

0.5,0.3,28,53.57351190476413

0.5,0.3,38,77.98072994341182

0.5,0.3,27,43.379629629631346

0.5,0.3,37,83.18047011030934

0.5,0.3,31,86.20695018840219

0.5,0.3,31,77.43233322830193

0.5,0.3,40,63.727929385430244

0.5,0.3,35,78.98786935286996

0.5,0.3,27,55.56327160494049

0.5,0.3,31,88.51144229128147

0.5,0.3,30,74.71400284900352

0.5,0.3,44,56.66394068894178

0.5,0.3,35,70.438504273505

0.5,0.4,34,78.59214608920558

0.5,0.4,36,77.65135073260143

0.5,0.4,30,77.75875593542325

0.5,0.4,39,72.25884704089906

0.5,0.4,36,81.47117080450485

0.5,0.4,29,86.20689655172642

0.5,0.4,33,75.61845438512175

0.5,0.4,28,53.57351190476413

0.5,0.4,41,78.65076712217206

0.5,0.4,31,87.0288891514704

0.5,0.4,39,65.49946489882468

0.5,0.4,31,78.01289403547487

0.5,0.4,29,84.16458149130614

0.5,0.4,31,81.74681095487662

0.5,0.4,30,86.68898622981993

0.5,0.4,28,87.33391839641862

0.5,0.4,30,63.79567901234749

0.5,0.4,30,78.22978869895589

0.5,0.4,38,72.99959367361899

0.5,0.4,26,38.46420940171167

0.5,0.5,29,87.04624998245735

0.5,0.5,38,71.3371200436997

0.5,0.5,33,79.44088534921931

0.5,0.5,33,76.52259438092895

0.5,0.5,33,81.43501483616515

0.5,0.5,32,87.8686186787752

0.5,0.5,41,76.5046606510027

0.5,0.5,32,89.85315997659788

0.5,0.5,29,80.6470281953046

0.5,0.5,36,81.69931375209222

0.5,0.5,43,56.054583013886166

0.5,0.5,27,55.563271604940546

0.5,0.5,32,82.35029602920295

0.5,0.5,32,83.39658192023545

0.5,0.5,30,83.0515194681866

0.5,0.5,33,80.824669158003

0.5,0.5,29,75.33836084094779

0.5,0.5,29,50.85718390804782

0.5,0.5,35,81.42333655124354

0.5,0.5,30,85.117998575499

0.5,0.6,33,84.68670033670067

0.5,0.6,34,79.72434703471795

0.5,0.6,27,37.04218106996111

0.5,0.6,32,69.95299526862091

0.5,0.6,39,75.09249795870117

0.5,0.6,39,80.80449185097865

0.5,0.6,33,86.97744446911165

0.5,0.6,34,71.37692277765908

0.5,0.6,38,73.25172519975224

0.5,0.6,34,81.82872487928324

0.5,0.6,31,84.39072465766053

0.5,0.6,38,76.2701707573537

0.5,0.6,37,75.67400357400417

0.5,0.6,41,69.7974301895042

0.5,0.6,31,83.05867074980014

0.5,0.6,36,80.16393976394043

0.5,0.6,49,60.2249169386934

0.5,0.6,44,61.41330290080385

0.5,0.6,32,83.27138500966684

0.5,0.6,31,69.28726515420139

0.5,0.7,30,81.4976305792977

0.5,0.7,30,87.79181929181962

0.5,0.7,38,57.02754964334015

0.5,0.7,28,35.19960317460538

0.5,0.7,30,75.33694207027578

0.5,0.7,31,79.56717321013814

0.5,0.7,33,80.68248695748748

0.5,0.7,34,83.0876268883629

0.5,0.7,34,73.70382491635057

0.5,0.7,35,63.45144836007031

0.5,0.7,48,63.102825261159815

0.5,0.7,33,83.23726582059965

0.5,0.7,29,85.01645053541657

0.5,0.7,30,89.07601512684879

0.5,0.7,32,84.76459668803459

0.5,0.7,30,91.79606735856777

0.5,0.7,32,80.0531482117425

0.5,0.7,40,53.59523351648471

0.5,0.7,31,87.17814932976249

0.5,0.7,34,76.30717850063762

0.5,0.8,30,85.74310066476778

0.5,0.8,34,62.553940731908504

0.5,0.8,36,82.44949002807567

0.5,0.8,31,73.33463836044551

0.5,0.8,33,65.78602477769226

0.5,0.8,30,88.82006613756646

0.5,0.8,34,80.94059082961265

0.5,0.8,38,68.85193249481016

0.5,0.8,40,70.61459734151624

0.5,0.8,39,72.92178441216969

0.5,0.8,35,75.19241751224578

0.5,0.8,30,77.27478157644886

0.5,0.8,30,76.28844729344799

0.5,0.8,42,65.57294895854123

0.5,0.8,31,80.15391048616908

0.5,0.8,33,80.66882439612382

0.5,0.8,46,68.5605714008082

0.5,0.8,37,69.97000207403521

0.5,0.8,32,45.97656250000192

0.5,0.8,35,82.44598556930407

0.5,0.9,37,61.99543197043286

0.5,0.9,36,77.2324303011809

0.5,0.9,33,75.76839919339989

0.5,0.9,30,71.44073904490641

0.5,0.9,40,72.62532483720045

0.5,0.9,36,77.6646842355182

0.5,0.9,34,78.23028801264147

0.5,0.9,41,72.12592946878127

0.5,0.9,35,62.53473886328853

0.5,0.9,35,83.19808244665484

0.5,0.9,27,55.56327160494045

0.5,0.9,32,78.40024070258505

0.5,0.9,27,55.56327160494049

0.5,0.9,34,82.40672119275119

0.5,0.9,35,76.63433543650363

0.5,0.9,36,78.33098403654013

0.5,0.9,36,55.769667625013085

0.5,0.9,33,83.42329169340717

0.5,0.9,31,81.76254152060669

0.5,0.9,37,68.90719126667452

0.5,1.0,30,59.06447530864372

0.5,1.0,50,55.36198005698092

0.5,1.0,32,88.26895191035867

0.5,1.0,31,80.9728051518381

0.5,1.0,28,57.254655067157174

0.5,1.0,41,44.98077444236098

0.5,1.0,31,75.20622350705837

0.5,1.0,28,71.19206349206559

0.5,1.0,31,83.28777620229266

0.5,1.0,30,82.3958547008556

0.5,1.0,31,81.14713885278458

0.5,1.0,28,35.7701058201073

0.5,1.0,29,72.39527458493124

0.5,1.0,30,85.0586633428306

0.5,1.0,34,80.58509031817944

0.5,1.0,31,77.68717718959711

0.5,1.0,37,77.15164037664108

0.5,1.0,30,87.42212725546098

0.5,1.0,30,53.096666666669094

0.5,1.0,34,85.4411434069653

0.6,0.0,36,81.62741188769465

0.6,0.0,41,80.34183955789051

0.6,0.0,35,64.18348438300222

0.6,0.0,41,60.518021680218794

0.6,0.0,45,67.6236866876658

0.6,0.0,42,77.69621709713604

0.6,0.0,39,75.26261936987808

0.6,0.0,34,73.4941176470611

0.6,0.0,35,86.37409090909256

0.6,0.0,35,82.10146394823866

0.6,0.0,41,74.25661433373922

0.6,0.0,33,90.68080808081035

0.6,0.0,37,85.54015767967425

0.6,0.0,41,74.4490880480662

0.6,0.0,37,88.32981735401131

0.6,0.0,41,73.6096488374818

0.6,0.0,39,80.03001546383953

0.6,0.0,36,86.83911199811767

0.6,0.0,37,83.11775282700368

0.6,0.0,36,65.05231458853855

0.6,0.1,31,32.25770609319211

0.6,0.1,35,90.29174603174721

0.6,0.1,39,81.62472115697985

0.6,0.1,35,69.92488432714315

0.6,0.1,36,86.60045481698754

0.6,0.1,37,86.58342778262168

0.6,0.1,40,76.87004621643473

0.6,0.1,50,62.033250116877944

0.6,0.1,40,82.03360010206492

0.6,0.1,44,69.93517432388475

0.6,0.1,36,85.81912086818045

0.6,0.1,35,75.29357142857309

0.6,0.1,41,85.72678559324032

0.6,0.1,41,74.44998313537616

0.6,0.1,42,54.604761904763706

0.6,0.1,37,83.50201249636787

0.6,0.1,35,85.46129032258106

0.6,0.1,33,43.41506734006932

0.6,0.1,44,52.996401515153025

0.6,0.1,35,81.45659405111071

0.6,0.2,33,45.44267676767902

0.6,0.2,35,64.01198412698591

0.6,0.2,39,78.9306659378296

0.6,0.2,38,84.02822216219977

0.6,0.2,45,72.9168770921466

0.6,0.2,35,86.61688172043051

0.6,0.2,39,76.76963675336606

0.6,0.2,38,83.61431333710671

0.6,0.2,35,85.6500000000023

0.6,0.2,36,87.20577032485701

0.6,0.2,46,56.67212287673467

0.6,0.2,45,64.56339451866441

0.6,0.2,34,90.89176274126501

0.6,0.2,34,90.54765180265687

0.6,0.2,38,87.41305799934896

0.6,0.2,35,67.54171500858506

0.6,0.2,36,54.413888888891364

0.6,0.2,41,78.72132685503485

0.6,0.2,36,77.98948490279206

0.6,0.2,36,78.28281312226265

0.6,0.3,33,58.38808515260221

0.6,0.3,35,81.92939324116792

0.6,0.3,36,77.68096859114061

0.6,0.3,36,78.42881672246457

0.6,0.3,35,87.25901069518753

0.6,0.3,36,66.80316358024908

0.6,0.3,35,68.39428524880215

0.6,0.3,37,85.99830651766163

0.6,0.3,34,58.809640522878105

0.6,0.3,39,75.14857487196271

0.6,0.3,37,86.20735633425431

0.6,0.3,34,58.82352941176697

0.6,0.3,39,70.11554666255921

0.6,0.3,36,83.37961469534113

0.6,0.3,40,64.68311561561706

0.6,0.3,37,82.49309466012579

0.6,0.3,36,88.47159293227492

0.6,0.3,36,77.78672816878607

0.6,0.3,36,60.90244085116488

0.6,0.3,34,73.51756535947936

0.6,0.4,40,85.2764213649785

0.6,0.4,39,87.85195067249187

0.6,0.4,35,63.922805939581

0.6,0.4,36,88.39054365338006

0.6,0.4,42,68.82981524150952

0.6,0.4,38,85.97863417708533

0.6,0.4,39,84.47897419187787

0.6,0.4,35,83.90320974724253

0.6,0.4,36,82.72338573911242

0.6,0.4,33,75.68939393939618

0.6,0.4,49,56.76004415451485

0.6,0.4,37,66.04380201315784

0.6,0.4,32,62.50868055555782

0.6,0.4,38,76.46201289334034

0.6,0.4,38,84.3447762857784

0.6,0.4,35,86.96310920262573

0.6,0.4,45,65.77697075724043

0.6,0.4,37,82.13031557950957

0.6,0.4,37,82.64363843315488

0.6,0.4,39,84.75890552645792

0.6,0.5,34,58.53439542483873

0.6,0.5,35,71.38277777778005

0.6,0.5,38,82.16136277889302

0.6,0.5,34,84.05175977037975

0.6,0.5,39,84.69350743606037

0.6,0.5,36,82.898708183991

0.6,0.5,34,82.39312144212562

0.6,0.5,35,66.60952380952587

0.6,0.5,34,83.37609898798307

0.6,0.5,31,80.65636200717064

0.6,0.5,44,71.88906606386544

0.6,0.5,34,45.04140671420214

0.6,0.5,41,69.68190276205974

0.6,0.5,44,76.95317473266842

0.6,0.5,36,62.31531941276661

0.6,0.5,33,53.38492451395852

0.6,0.5,33,60.60084175084406

0.6,0.5,35,82.89996345948013

0.6,0.5,40,75.29642078628295

0.6,0.5,46,64.72190860215092

0.6,0.6,37,88.99745266657055

0.6,0.6,43,69.3428053983201

0.6,0.6,38,83.07291956063236

0.6,0.6,34,58.83169934640745

0.6,0.6,43,72.14242025301425

0.6,0.6,35,10.671031746033629

0.6,0.6,38,73.46136963866208

0.6,0.6,38,83.15295130219657

0.6,0.6,37,71.82371722248462

0.6,0.6,34,96.07104105571854

0.6,0.6,36,80.58329712899662

0.6,0.6,40,78.92222833170459

0.6,0.6,33,60.562710437712646

0.6,0.6,36,66.68769527714504

0.6,0.6,38,89.68200360995391

0.6,0.6,34,77.74674640139587

0.6,0.6,42,66.79556667730742

0.6,0.6,41,76.89242308539235

0.6,0.6,34,88.23529411764937

0.6,0.6,35,85.340519247778

0.6,0.7,34,92.28965317309746

0.6,0.7,34,81.86642875625377

0.6,0.7,42,76.54635603345385

0.6,0.7,39,81.39050188163164

0.6,0.7,37,83.38589205040891

0.6,0.7,37,83.21578513997902

0.6,0.7,39,76.98208837160497

0.6,0.7,34,88.48575388611006

0.6,0.7,37,85.91390936390977

0.6,0.7,39,81.98070426019399

0.6,0.7,37,82.95987512439174

0.6,0.7,35,78.49296466973934

0.6,0.7,32,46.88151041666895

0.6,0.7,34,88.09379084967539

0.6,0.7,34,58.17426470588477

0.6,0.7,35,75.15578597030279

0.6,0.7,34,73.53962418300878

0.6,0.7,33,45.204545454547755

0.6,0.7,36,68.43716719961745

0.6,0.7,38,83.67812955531595

0.6,0.8,43,67.60571327896969

0.6,0.8,35,88.79097286226356

0.6,0.8,38,78.39864433812018

0.6,0.8,36,75.00113500597435

0.6,0.8,38,83.29852958830342

0.6,0.8,50,59.946869846473476

0.6,0.8,35,61.25519607843271

0.6,0.8,33,60.61447811448037

0.6,0.8,39,79.40740601902897

0.6,0.8,41,82.44786293770349

0.6,0.8,34,70.93453510436503

0.6,0.8,37,73.51589339468914

0.6,0.8,39,81.17086866004571

0.6,0.8,45,71.83171680967448

0.6,0.8,38,72.14027070364182

0.6,0.8,31,16.13127240143596

0.6,0.8,39,75.79473590925296

0.6,0.8,47,72.84414304333721

0.6,0.8,37,98.39770734163568

0.6,0.8,39,79.25722170864515

0.6,0.9,34,88.24754901961012

0.6,0.9,39,78.39322672548539

0.6,0.9,39,83.94748686200356

0.6,0.9,37,85.9641000237779

0.6,0.9,40,82.1227474939151

0.6,0.9,37,84.70530236981908

0.6,0.9,38,65.38580995499592

0.6,0.9,40,40.83208333333531

0.6,0.9,38,83.49916868172427

0.6,0.9,38,88.83939494458099

0.6,0.9,36,69.4165895061751

0.6,0.9,48,63.1501163297275

0.6,0.9,35,83.4220481310809

0.6,0.9,39,83.31138222589888

0.6,0.9,39,78.15871998372162

0.6,0.9,39,49.12158119658317

0.6,0.9,44,60.13049186883563

0.6,0.9,38,69.39056953233602

0.6,0.9,36,84.76209971579638

0.6,0.9,41,75.6053143551969

0.6,1.0,39,85.42305039643797

0.6,1.0,36,71.02491376180366

0.6,1.0,47,70.10992335849996

0.6,1.0,36,71.58379629629853

0.6,1.0,32,76.32707493279628

0.6,1.0,32,31.249652777780053

0.6,1.0,34,91.17093611638234

0.6,1.0,47,75.10380706763756

0.6,1.0,45,40.79585858586096

0.6,1.0,47,43.82334515366593

0.6,1.0,35,71.06134920635145

0.6,1.0,41,85.17227041688135

0.6,1.0,39,69.2392579642595

0.6,1.0,38,87.70485693093956

0.6,1.0,45,65.113589180088

0.6,1.0,35,87.34111739514992

0.6,1.0,35,81.94620583717557

0.6,1.0,44,67.93569714742797

0.6,1.0,34,54.10383196289437

0.6,1.0,37,83.42211258179036

0.7,0.0,38,78.95043859649351

0.7,0.0,39,89.7560541310564

0.7,0.0,39,63.83717948718181

0.7,0.0,44,87.04216641190374

0.7,0.0,47,79.86177539845004

0.7,0.0,40,77.13297731942525

0.7,0.0,44,83.4928359948102

0.7,0.0,42,58.72549361207997

0.7,0.0,42,71.56197588566083

0.7,0.0,38,65.79130116959288

0.7,0.0,45,83.0728038564887

0.7,0.0,44,88.23773188444297

0.7,0.0,41,81.15433662160288

0.7,0.0,42,84.97908171329263

0.7,0.0,43,79.64674294725835

0.7,0.0,47,78.62460596094466

0.7,0.0,44,85.74116359182193

0.7,0.0,43,74.68287066135996

0.7,0.0,40,84.84790520783982

0.7,0.0,42,85.5602465319575

0.7,0.1,39,64.09992877493099

0.7,0.1,43,74.83607605817024

0.7,0.1,42,76.80408774158842

0.7,0.1,44,75.69128787879012

0.7,0.1,37,54.045945945948255

0.7,0.1,44,74.35149144359781

0.7,0.1,42,80.3563512760885

0.7,0.1,45,83.96017893061794

0.7,0.1,49,68.56606314001678

0.7,0.1,45,75.13751916657827

0.7,0.1,43,82.54561207003117

0.7,0.1,43,78.03260436078747

0.7,0.1,39,71.20277676461966

0.7,0.1,41,69.0895190762015

0.7,0.1,41,71.02332666427773

0.7,0.1,41,46.35691056910793

0.7,0.1,40,71.16207394895073

0.7,0.1,38,53.697283779625906

0.7,0.1,37,81.09046546546774

0.7,0.1,43,78.96869693815901

0.7,0.2,38,65.43545321637643

0.7,0.2,41,64.25744654005344

0.7,0.2,49,55.3607709750588

0.7,0.2,42,76.82842033763146

0.7,0.2,44,70.94483849878661

0.7,0.2,42,64.52579713171905

0.7,0.2,40,74.50263325825848

0.7,0.2,39,51.112250712253164

0.7,0.2,42,80.63129986551152

0.7,0.2,38,91.19528212422982

0.7,0.2,38,65.78676900585025

0.7,0.2,48,80.82753358115262

0.7,0.2,43,81.1868513862705

0.7,0.2,39,72.41666666666846

0.7,0.2,39,79.06157118657227

0.7,0.2,44,75.26427035113751

0.7,0.2,41,87.33910495861743

0.7,0.2,45,81.69354958872553

0.7,0.2,41,80.782890207281

0.7,0.2,42,83.37941682283834

0.7,0.3,39,88.11142873642905

0.7,0.3,47,83.89216962246103

0.7,0.3,43,68.72929651240622

0.7,0.3,38,52.63494152047015

0.7,0.3,42,60.06292721292816

0.7,0.3,48,77.2245088015653

0.7,0.3,41,86.81493887983015

0.7,0.3,36,55.54660493827393

0.7,0.3,41,88.26226499284938

0.7,0.3,44,74.64265970516057

0.7,0.3,45,73.79099696187492

0.7,0.3,43,80.83894518282575

0.7,0.3,43,85.63760159981126

0.7,0.3,44,83.48558091584454

0.7,0.3,41,71.7782831612112

0.7,0.3,42,85.67256984428123

0.7,0.3,44,56.11546717171938

0.7,0.3,42,87.55490471674732

0.7,0.3,39,74.04689233768325

0.7,0.3,41,88.88278487087896

0.7,0.4,41,73.16991869918928

0.7,0.4,40,75.00666666666896

0.7,0.4,37,40.05744257771506

0.7,0.4,39,59.02784900285078

0.7,0.4,43,87.37678086475553

0.7,0.4,39,60.45083545083646

0.7,0.4,42,82.24761904762124

0.7,0.4,44,43.51092171717373

0.7,0.4,38,52.264254385967206

0.7,0.4,44,79.93557643952441

0.7,0.4,42,83.68643449060716

0.7,0.4,44,84.97599086250446

0.7,0.4,39,76.92991452991681

0.7,0.4,38,52.627046783628046

0.7,0.4,46,83.70353914026738

0.7,0.4,43,68.0131782945758

0.7,0.4,43,89.0494584854136

0.7,0.4,41,75.5705000250578

0.7,0.4,40,74.98791666666895

0.7,0.4,38,52.61915204678596

0.7,0.5,41,83.14088478722667

0.7,0.5,41,86.71575820414095

0.7,0.5,43,86.53031448264035

0.7,0.5,38,80.78285522364517

0.7,0.5,49,71.46877231689326

0.7,0.5,42,82.98410374660422

0.7,0.5,46,82.31127423189854

0.7,0.5,39,93.1957592207594

0.7,0.5,38,65.77492690058702

0.7,0.5,45,77.75850745482389

0.7,0.5,39,64.04871794872021

0.7,0.5,41,84.21192983584557

0.7,0.5,39,76.92813390313621

0.7,0.5,49,70.40240301029849

0.7,0.5,41,90.25207646671088

0.7,0.5,42,65.5924728299737

0.7,0.5,41,83.96263179096991

0.7,0.5,41,48.58658536585579

0.7,0.5,40,69.76182333649513

0.7,0.5,43,84.48924156714902

0.7,0.6,42,85.74411723753873

0.7,0.6,38,39.47127192982685

0.7,0.6,44,80.0037003349507

0.7,0.6,44,66.12491980617106

0.7,0.6,48,54.874421296298244

0.7,0.6,39,51.28205128205357

0.7,0.6,42,86.89754604228321

0.7,0.6,40,90.43302483404496

0.7,0.6,41,55.76956924832561

0.7,0.6,39,51.27435897436128

0.7,0.6,43,81.031131713109

0.7,0.6,39,69.01666666666874

0.7,0.6,40,74.08668269230978

0.7,0.6,38,90.86474632527298

0.7,0.6,41,56.41009485095061

0.7,0.6,40,89.92171635451274

0.7,0.6,41,91.09400488421694

0.7,0.6,45,55.866870217046696

0.7,0.6,48,59.57669388138339

0.7,0.6,40,49.71819444444696

0.7,0.7,39,38.40534188034412

0.7,0.7,41,81.87045877713464

0.7,0.7,44,78.47322379197524

0.7,0.7,39,51.23917378917609

0.7,0.7,41,80.49806635904329

0.7,0.7,50,70.95394342926002

0.7,0.7,40,89.69003457404803

0.7,0.7,50,55.28277777777984

0.7,0.7,49,79.56193720366741

0.7,0.7,38,84.60171487276855

0.7,0.7,38,39.453654970762514

0.7,0.7,47,81.68722840982137

0.7,0.7,42,79.12174392437609

0.7,0.7,42,66.8890684857799

0.7,0.7,41,87.27897801524277

0.7,0.7,40,67.45842530030107

0.7,0.7,39,75.39908369908612

0.7,0.7,39,89.81336528836557

0.7,0.7,44,87.58412573182338

0.7,0.7,41,68.7187476629397

0.7,0.8,43,40.525193798451596

0.7,0.8,41,81.26171537391082

0.7,0.8,37,40.12454954955166

0.7,0.8,37,81.08423423423652

0.7,0.8,44,82.3564134478613

0.7,0.8,40,83.45866445392811

0.7,0.8,43,82.83035560039899

0.7,0.8,40,89.22320758258302

0.7,0.8,38,52.63311403509003

0.7,0.8,46,76.7787152316906

0.7,0.8,45,68.97175819544321

0.7,0.8,42,75.23507784099961

0.7,0.8,42,84.85697840697878

0.7,0.8,41,85.09065040650624

0.7,0.8,43,85.39277083080701

0.7,0.8,44,78.92470599970657

0.7,0.8,40,85.04074413229064

0.7,0.8,40,74.9602083333356

0.7,0.8,40,79.96487544984326

0.7,0.8,42,84.31238439133224

0.7,0.9,39,76.8846153846177

0.7,0.9,43,75.61885431943725

0.7,0.9,43,84.04516712598156

0.7,0.9,41,74.68675199589954

0.7,0.9,40,75.86589862889267

0.7,0.9,41,66.85605178349194

0.7,0.9,36,13.878317901236805

0.7,0.9,39,53.17361784861953

0.7,0.9,43,83.578401075495

0.7,0.9,37,54.05405405405636

0.7,0.9,38,65.7788742690081

0.7,0.9,42,49.281604819106484

0.7,0.9,42,89.6709770861089

0.7,0.9,43,57.53448605134753

0.7,0.9,35,13.513513513515719

0.7,0.9,45,84.56714396582876

0.7,0.9,45,71.07688230740936

0.7,0.9,38,52.62368421052863

0.7,0.9,41,82.98114150736134

0.7,0.9,42,88.68386497399695

0.7,1.0,42,51.99394573144665

0.7,1.0,40,72.82648868793667

0.7,1.0,40,74.93166666666897

0.7,1.0,38,50.16373281176086

0.7,1.0,37,13.353228228230572

0.7,1.0,39,65.13840155945647

0.7,1.0,40,53.724513888891025

0.7,1.0,39,45.504914529916704

0.7,1.0,41,60.958468834690635

0.7,1.0,45,81.9312012012016

0.7,1.0,40,60.28130847953397

0.7,1.0,46,77.01809979976511

0.7,1.0,48,61.47209084084213

0.7,1.0,42,77.84243079111555

0.7,1.0,38,79.13896198830636

0.7,1.0,41,85.27554200542231

0.7,1.0,38,67.30445906432969

0.7,1.0,42,69.06702774202851

0.7,1.0,45,74.38589580808957

0.7,1.0,37,55.4429429429452

0.8,0.0,45,65.97043276401867

0.8,0.0,45,76.34613355780245

0.8,0.0,45,86.59574161107098

0.8,0.0,41,12.176829268294602

0.8,0.0,46,82.77733634634538

0.8,0.0,44,74.10494257664732

0.8,0.0,46,87.07719579525015

0.8,0.0,47,81.14029744400867

0.8,0.0,42,47.62566137566361

0.8,0.0,45,53.25160235729448

0.8,0.0,42,23.798809523811784

0.8,0.0,49,89.42163022531412

0.8,0.0,43,23.22764857881364

0.8,0.0,47,86.95241004454859

0.8,0.0,48,61.339828465302254

0.8,0.0,47,83.26553553637306

0.8,0.0,45,55.54888888889114

0.8,0.0,44,87.36348678421906

0.8,0.0,46,90.67230893878377

0.8,0.0,45,55.52555555555785

0.8,0.1,43,46.46227390181101

0.8,0.1,47,72.15875668614474

0.8,0.1,47,80.96227889863083

0.8,0.1,46,71.86294923602225

0.8,0.1,48,80.63085964580634

0.8,0.1,46,65.15797101449498

0.8,0.1,46,30.09764492753833

0.8,0.1,46,83.26092807761151

0.8,0.1,43,45.02839608711949

0.8,0.1,43,46.51162790697897

0.8,0.1,48,84.36890319101452

0.8,0.1,48,93.80385314670657

0.8,0.1,46,65.22318840579933

0.8,0.1,45,55.552222222224465

0.8,0.1,48,92.19450768275863

0.8,0.1,49,42.81184570227783

0.8,0.1,46,84.27168798269096

0.8,0.1,42,59.53207671957902

0.8,0.1,45,93.87555823429831

0.8,0.1,47,77.17037174323166

0.8,0.2,44,67.87317931052816

0.8,0.2,50,79.68322551296988

0.8,0.2,46,56.085502196638394

0.8,0.2,41,48.787262872630976

0.8,0.2,47,90.20829155845836

0.8,0.2,45,66.58000000000219

0.8,0.2,45,77.5826076483002

0.8,0.2,48,83.30242813589022

0.8,0.2,44,56.81767676767902

0.8,0.2,44,86.90956362404573

0.8,0.2,48,79.47586829470934

0.8,0.2,48,87.65783252662459

0.8,0.2,45,83.57706070600804

0.8,0.2,47,73.83060951856179

0.8,0.2,46,76.09601449275583

0.8,0.2,49,50.99688208617001

0.8,0.2,44,83.20860235631632

0.8,0.2,41,36.59044715447381

0.8,0.2,46,74.86169857397783

0.8,0.2,44,45.208585858588016

0.8,0.3,43,81.40665374677229

0.8,0.3,44,34.0854166666689

0.8,0.3,45,72.95798425603424

0.8,0.3,45,34.72754550974968

0.8,0.3,47,82.29163470150577

0.8,0.3,45,80.12891534391676

0.8,0.3,44,82.50193749340146

0.8,0.3,49,84.91898389693813

0.8,0.3,47,86.21714855994298

0.8,0.3,46,86.02433993778168

0.8,0.3,46,67.46891878706909

0.8,0.3,45,44.43111111111336

0.8,0.3,48,87.5749201266886

0.8,0.3,46,64.02166149068506

0.8,0.3,46,77.31767451059658

0.8,0.3,48,70.73414621016546

0.8,0.3,47,90.13454497407393

0.8,0.3,44,91.1278062495125

0.8,0.3,45,88.4747339441651

0.8,0.3,46,75.22281326198772

0.8,0.4,44,86.03610319220117

0.8,0.4,42,47.32293360433827

0.8,0.4,43,46.51459948320637

0.8,0.4,46,82.88422951893797

0.8,0.4,49,81.22820114889781

0.8,0.4,49,81.876374981833

0.8,0.4,46,76.37865117238206

0.8,0.4,45,76.21873015873152

0.8,0.4,43,68.95470000630446

0.8,0.4,45,93.2962119393253

0.8,0.4,44,70.59688303912692

0.8,0.4,42,23.81283068783295

0.8,0.4,49,79.2636481624503

0.8,0.4,43,69.73527131783172

0.8,0.4,43,80.41093959610818

0.8,0.4,45,66.65259259259486

0.8,0.4,43,46.51459948320638

0.8,0.4,48,81.3185270576934

0.8,0.4,48,74.46056749258027

0.8,0.4,47,73.70150370394704

0.8,0.5,43,34.88372093023484

0.8,0.5,42,59.53207671957902

0.8,0.5,47,73.48328864671811

0.8,0.5,44,68.28886821173535

0.8,0.5,44,79.54204545454769

0.8,0.5,49,78.65471430151727

0.8,0.5,47,86.41629722984202

0.8,0.5,44,45.443813131315366

0.8,0.5,45,84.4799811478555

0.8,0.5,43,58.137144702844665

0.8,0.5,41,12.196815718159376

0.8,0.5,47,65.34973312545137

0.8,0.5,50,81.9383748651169

0.8,0.5,44,92.49576602259538

0.8,0.5,45,69.37677979954528

0.8,0.5,47,71.29324867679125

0.8,0.5,44,79.40227272727498

0.8,0.5,45,55.46660493827383

0.8,0.5,44,74.81394653119077

0.8,0.5,45,77.57370370370586

0.8,0.6,45,66.61000000000227

0.8,0.6,45,61.2512962962984

0.8,0.6,46,81.46936349558368

0.8,0.6,45,52.56633264507364

0.8,0.6,44,45.004545454547674

0.8,0.6,45,53.82209328426516

0.8,0.6,45,84.89159977631569

0.8,0.6,47,87.62854739102835

0.8,0.6,46,86.1455300718069

0.8,0.6,45,72.93343141050549

0.8,0.6,44,94.24702822938094

0.8,0.6,48,80.83810693315336

0.8,0.6,44,49.12980972516023

0.8,0.6,45,76.9742173183642

0.8,0.6,42,23.81283068783295

0.8,0.6,43,29.29399224806415

0.8,0.6,42,35.71567460317684

0.8,0.6,45,86.78272478951386

0.8,0.6,45,63.661790123458864

0.8,0.6,46,82.1464839081627

0.8,0.7,46,65.21086956521961

0.8,0.7,43,46.511111111113344

0.8,0.7,44,68.09109848485072

0.8,0.7,46,87.61477848474165

0.8,0.7,43,50.43325027685664

0.8,0.7,44,45.425189393941665

0.8,0.7,46,73.86730063900798

0.8,0.7,46,67.83261150432686

0.8,0.7,45,86.99458690343675

0.8,0.7,43,34.888565891475125

0.8,0.7,43,34.82441860465342

0.8,0.7,46,75.01943646859641

0.8,0.7,42,35.719246031748284

0.8,0.7,46,86.92717391304573

0.8,0.7,46,87.55672165402889

0.8,0.7,42,23.809259259261516

0.8,0.7,44,45.43017676767899

0.8,0.7,47,87.9872667761395

0.8,0.7,44,67.40389610389792

0.8,0.7,43,69.48122000738503

0.8,0.8,48,90.00124328214169

0.8,0.8,44,52.294439165172484

0.8,0.8,46,86.94673913043712

0.8,0.8,45,66.58259259259485

0.8,0.8,44,56.8181818181841

0.8,0.8,44,30.965241702743537

0.8,0.8,43,93.03456072351648

0.8,0.8,43,46.49069767442086

0.8,0.8,43,34.88856589147513

0.8,0.8,45,83.38069087184101

0.8,0.8,49,76.54508009454005

0.8,0.8,45,74.55310492676841

0.8,0.8,50,84.72724493783186

0.8,0.8,47,81.87844541911264

0.8,0.8,46,77.38812469491309

0.8,0.8,46,84.63850639066153

0.8,0.8,45,76.34532656877049

0.8,0.8,44,75.09935064935219

0.8,0.8,44,52.59110860345724

0.8,0.8,45,88.0175556085758

0.8,0.9,46,49.18321256038867

0.8,0.9,46,86.96382850241766

0.8,0.9,46,89.05328731708924

0.8,0.9,44,79.20617147080799

0.8,0.9,46,83.18309845681574

0.8,0.9,45,91.93565322257167

0.8,0.9,46,86.9402173913067

0.8,0.9,46,85.03033549062964

0.8,0.9,50,73.46998697206372

0.8,0.9,49,83.9665132182041

0.8,0.9,44,45.44431818182044

0.8,0.9,43,58.13016795865856

0.8,0.9,47,91.32518352115062

0.8,0.9,46,74.86349816526248

0.8,0.9,46,88.81464803312679

0.8,0.9,49,78.37530573141068

0.8,0.9,42,94.68123813210944

0.8,0.9,47,90.30085072189188

0.8,0.9,44,56.71250000000223

0.8,0.9,43,46.50813953488596

0.8,1.0,45,66.66000000000226

0.8,1.0,47,50.01294326241324

0.8,1.0,43,46.516472868219296

0.8,1.0,43,57.397671413979765

0.8,1.0,46,66.75368357488131

0.8,1.0,47,75.9666666666688

0.8,1.0,45,56.879382716051815

0.8,1.0,50,77.36762160008702

0.8,1.0,42,35.712103174605424

0.8,1.0,42,23.809259259261513

0.8,1.0,46,45.93411835748985

0.8,1.0,46,76.08369565217622

0.8,1.0,44,90.8931186868709

0.8,1.0,47,72.02885410698391

0.8,1.0,43,69.6968992248085

0.8,1.0,46,66.80483091787659

0.8,1.0,48,78.32600334674656

0.8,1.0,50,71.23352477739138

0.8,1.0,45,77.50975308642181

0.8,1.0,47,85.6502180789294

0.9,0.0,48,41.65225694444673

0.9,0.0,47,42.553191489363996

0.9,0.0,49,71.4224489795942

0.9,0.0,46,21.742149758456392

0.9,0.0,49,78.59601748192456

0.9,0.0,50,50.00000000000222

0.9,0.0,47,53.19887706856019

0.9,0.0,46,43.48429951691051

0.9,0.0,47,31.919326241137064

0.9,0.0,0,0

0.9,0.0,48,20.223206018520614
0.9,0.0,49,94.4314143387865
0.9,0.0,49,30.277210884356037
0.9,0.0,50,90.23513732141056
0.9,0.0,48,41.67245370370599
0.9,0.0,48,62.50868055555781
0.9,0.0,49,81.62346938775734
0.9,0.0,49,33.492346938777445
0.9,0.0,48,52.08020833333557
0.9,0.0,48,52.080208333335605
0.9,0.1,48,52.08744212963189
0.9,0.1,48,52.05208333333556
0.9,0.1,49,89.35523618636546
0.9,0.1,49,61.22448979592065
0.9,0.1,48,41.63854166666897
0.9,0.1,49,71.40102040816559
0.9,0.1,46,10.871074879229209
0.9,0.1,47,42.47612293144432
0.9,0.1,48,52.04224537037269
0.9,0.1,50,60.00000000000231
0.9,0.1,48,39.49774305555764
0.9,0.1,49,86.28871792935527
0.9,0.1,48,55.831423611113244
0.9,0.1,47,21.279550827425446
0.9,0.1,48,52.0780671296319
0.9,0.1,50,89.33153235854962
0.9,0.1,50,89.20735471271487
0.9,0.1,49,82.14881961613771
0.9,0.1,48,74.25544115316806
0.9,0.1,48,41.6666666666689
0.9,0.2,48,64.58904542262074
0.9,0.2,48,31.225000000002264
0.9,0.2,49,51.01428571428804
0.9,0.2,50,61.823502415460496
0.9,0.2,47,63.83546099291006
0.9,0.2,46,32.60519323671727
0.9,0.2,50,87.73198843663319
0.9,0.2,50,66.85583333333547
0.9,0.2,47,63.81530732860748
0.9,0.2,48,52.08744212963197
0.9,0.2,47,53.1914893617044
0.9,0.2,49,70.14630937172964
0.9,0.2,50,52.332722222224454
0.9,0.2,49,61.203061224492046
0.9,0.2,49,61.14115646258733
0.9,0.2,49,61.22448979592064
0.9,0.2,50,79.97300000000236
0.9,0.2,47,31.91932624113701
0.9,0.2,48,62.05688657407644
0.9,0.2,47,31.91932624113704
0.9,0.3,49,61.224489795920604
0.9,0.3,49,61.221428571430934
0.9,0.3,48,41.66354166666894
0.9,0.3,47,31.919326241137032
0.9,0.3,46,10.864553140098486
0.9,0.3,48,62.500000000002245
0.9,0.3,48,41.66354166666897
0.9,0.3,46,21.724335748794523
0.9,0.3,49,60.89489795918601
0.9,0.3,48,72.91666666666889
0.9,0.3,47,31.889125295510578
0.9,0.3,49,63.28633786848268
0.9,0.3,50,69.9970000000023
0.9,0.3,48,88.04287600215896
0.9,0.3,47,27.43185836160124
0.9,0.3,48,41.669328703705936
0.9,0.3,47,63.822695035463276
0.9,0.3,47,10.639775413713718
0.9,0.3,50,75.66766666666882
0.9,0.3,50,59.38462077294783
0.9,0.4,49,61.111224489798154
0.9,0.4,50,69.93100000000227
0.9,0.4,47,31.919326241137014
0.9,0.4,49,46.04948979592054
0.9,0.4,49,71.42857142857368
0.9,0.4,49,81.44152334384304
0.9,0.4,49,81.61428571428804
0.9,0.4,49,81.63265306122676
0.9,0.4,47,42.12943262411529
0.9,0.4,49,60.90612244898187
0.9,0.4,48,69.09756944444617
0.9,0.4,47,42.53995271867841
0.9,0.4,49,61.211564625852596
0.9,0.4,49,71.43236961451473
0.9,0.4,49,71.39869614512705
0.9,0.4,48,62.493055555557824
0.9,0.4,46,10.867814009663705
0.9,0.4,47,31.91932624113701
0.9,0.4,48,71.50127314815019
0.9,0.4,50,69.9760000000023
0.9,0.5,47,42.55591016548692
0.9,0.5,49,55.083762724949345
0.9,0.5,47,42.55000000000229
0.9,0.5,49,81.63265306122673
0.9,0.5,49,63.359523966849466
0.9,0.5,48,51.57210648148378
0.9,0.5,48,52.090567129631914
0.9,0.5,50,57.091833333335465
0.9,0.5,49,84.34726102898799
0.9,0.5,49,80.91578989597735
0.9,0.5,48,51.98020833333558
0.9,0.5,46,10.864553140098774
0.9,0.5,49,81.63265306122668
0.9,0.5,50,49.994000000002245
0.9,0.5,50,59.937000000002335
0.9,0.5,50,84.13119287696627
0.9,0.5,47,31.911702127661904
0.9,0.5,46,32.61322463768345
0.9,0.5,49,71.40408163265529
0.9,0.5,49,73.86711189563819
0.9,0.6,50,88.00723673595276
0.9,0.6,50,80.8266430260056
0.9,0.6,48,35.398032407409424
0.9,0.6,50,82.61864801110124
0.9,0.6,49,61.22380952381181
0.9,0.6,50,80.00000000000225
0.9,0.6,49,71.34285714285944
0.9,0.6,50,59.922000000002214
0.9,0.6,49,71.41938775510432
0.9,0.6,49,68.79266788121502
0.9,0.6,46,43.484299516910504
0.9,0.6,47,21.276595744683124
0.9,0.6,49,76.0960486322203
0.9,0.6,49,51.00204081632876
0.9,0.6,47,42.55466903073518
0.9,0.6,48,62.820775462965024
0.9,0.6,48,41.65416666666898
0.9,0.6,47,21.279550827425446
0.9,0.6,49,86.20115350488088
0.9,0.6,50,69.98500000000226
0.9,0.7,49,89.18828853774065
0.9,0.7,48,62.50000000000228
0.9,0.7,49,61.221428571430835
0.9,0.7,50,72.98128019323822
0.9,0.7,49,40.30000000000231
0.9,0.7,49,81.62653061224714
0.9,0.7,47,42.55319148936402
0.9,0.7,48,31.237500000002253
0.9,0.7,46,32.609963768118234
0.9,0.7,48,72.92679398148381
0.9,0.7,46,21.730857487924993
0.9,0.7,47,30.461879432626176
0.9,0.7,49,61.21836734694103
0.9,0.7,0,0
0.9,0.7,47,40.40141843971837
0.9,0.7,46,32.60042270531629
0.9,0.7,48,54.89704861111309
0.9,0.7,47,42.54042553191719
0.9,0.7,49,71.11632653061449
0.9,0.7,50,89.33958418131421
0.9,0.8,50,59.166581632654676
0.9,0.8,46,76.09148550724863
0.9,0.8,49,61.001020408165516
0.9,0.8,48,93.51374734470875
0.9,0.8,48,52.09056712963189
0.9,0.8,49,91.82448979592064
0.9,0.8,48,59.43722681544983
0.9,0.8,48,41.67245370370599
0.9,0.8,48,83.19895833333565
0.9,0.8,50,62.59421040189289
0.9,0.8,47,42.05678411548845
0.9,0.8,48,30.8143518518541
0.9,0.8,48,62.37812500000223
0.9,0.8,49,74.77654644960113
0.9,0.8,48,62.12812500000235
0.9,0.8,50,93.96430157261815
0.9,0.8,48,62.49641203703931
0.9,0.8,47,53.1988770685602
0.9,0.8,47,21.27021276595973
0.9,0.8,48,30.96087962963189
0.9,0.9,48,69.9228587962985
0.9,0.9,50,52.5123464384839
0.9,0.9,50,55.00660770975229
0.9,0.9,47,31.91489361702353
0.9,0.9,49,74.12331982438502
0.9,0.9,48,19.02760416666875
0.9,0.9,47,31.919326241137018
0.9,0.9,47,30.315839243500868
0.9,0.9,50,89.9790000000023
0.9,0.9,50,69.99700000000223
0.9,0.9,49,73.67644046517833
0.9,0.9,48,93.37293786617363
0.9,0.9,48,46.655844907409566
0.9,0.9,47,42.55910165484863
0.9,0.9,50,76.69755555555764
0.9,0.9,47,41.647234797044646
0.9,0.9,49,61.21530612245124
0.9,0.9,49,50.879591836736864
0.9,0.9,46,21.739130434784894
0.9,0.9,48,31.25000000000227
0.9,1.0,49,78.26802138987038
0.9,1.0,49,78.50412159313399
0.9,1.0,48,63.105034722224524
0.9,1.0,47,33.47003546099516
0.9,1.0,47,53.932914482477315
0.9,1.0,49,61.09994331065981
0.9,1.0,49,81.56530612245132
0.9,1.0,48,63.64826388889116
0.9,1.0,49,50.998979591838996
0.9,1.0,49,61.773922902496636
0.9,1.0,48,63.0721064814837
0.9,1.0,48,53.20821759259483
0.9,1.0,49,89.46691172614642
0.9,1.0,49,43.41382727004069
0.9,1.0,48,57.48136574074258
0.9,1.0,46,23.328497164463492
0.9,1.0,49,63.73173863748619
0.9,1.0,47,33.32890070922212
0.9,1.0,48,41.66620370370595
0.9,1.0,48,52.04131692834343
